Datum;Carbon Steel World Price;Fuel Energy Index;MSCI World;Nickel;Aluminium;SandP500;Dax30;Natural gas;Arca Steel Index;ArcelorMittal;Hang Seng China;Lead;China Steel;Iron ore;Metal Index;Gold;Crude Oil;ThyssenKrupp;Capesize Charter Rates;Car production China
Jan 92;;35,06;524,45;7531,14;1181,23;417,03;1602,3;1,44;;;;;;;;;;;;
Feb 92;;35,07;514,4;7888;1270,75;408,79;1688,2;1,18;;;;;;;;;;;;
Mrz. 92;;34,61;489,18;7430,46;1282,02;412,68;1743,3;1,26;;;;;;;;;;;;
Apr 92;;36,68;494,99;7417,95;1317,13;403,67;1711,4;1,39;;;;;;;;;;;;
Mai 92;;38,19;513,67;7333,95;1306,71;414,95;1729;1,55;;;;;;;;;;;;
Jun 92;;40,38;495,42;7202,36;1275,27;415,35;1803,4;1,59;;;;;;;;;;;;
Jul 92;;39,41;495,64;7516,17;1314,35;408,2;1751,8;1,68;;;;;;;;;;;;
Aug 92;;38,59;506,64;7279,75;1305,55;424,19;1602;1,91;;;;;;;;;;;;
Sep 92;;39,57;500,95;6918,57;1270,21;414,03;1519,3;2,09;;;;;;;;;;;;
Okt 92;;39,2;486,38;6322,5;1180,84;417,8;1468,2;2,42;;;;;;;;;;;;
Nov 92;;37,19;494,11;5593,71;1162,21;418,66;1479,4;2,28;;;;;;;;;;;;
Dez 92;;35,6;497,13;5751,19;1209,02;431,35;1545,8;2,21;;;;;;;;;;;;
Jan 93;;34,61;497,83;5948,1;1208,1;435,7;1533,1;1,95;;;;;;;;;;;;
Feb 93;;35,88;508,67;6050,75;1203,15;438,78;1582,4;1,74;;;;;;;;;;;;
Mrz. 93;;36,43;537,2;5974,91;1150,48;443,38;1695,8;2,17;;;;;;;;;;;;
Apr 93;;36,41;561,12;5987,5;1110,28;451,67;1677,6;2,33;;;;;;;;;;;;
Mai 93;;35,89;573,07;5777,79;1125,42;440,19;1620,3;2,14;;;;;;;;;;;;
Jun 93;;34,56;567,29;5544,32;1168,09;450,23;1624,9;1,97;;;;;;;;;;;;
Jul 93;;32,95;578,02;5051,18;1203,18;450,54;1705,5;2,05;;;;;;;;;;;;
Aug 93;;33,08;603,56;4740,48;1172,76;448,13;1795,4;2,32;;;;;;;;;;;;
Sep 93;;31,99;591,44;4376,05;1116,91;463,55;1938,4;2,25;;;;;;;;;;;;
Okt 93;;32,87;606,77;4464,86;1089,43;458,93;1912,9;2,04;;;;;;;;;;;;
Nov 93;;30,83;571,49;4642,27;1040,02;467,83;2064,7;2,3;;;;;;;;;;;;
Dez 93;;27,96;598,5;5139,8;1091,35;461,93;2072,7;2,12;;;;;;;;;;;;
Jan 94;;29,03;637,01;5584,05;1170;466,51;2241,7;2,38;;;;;;;;;;;;
Feb 94;;28,52;627,79;5830,1;1270,53;481,6;2183,5;2,74;;;;;;;;;;;;
Mrz. 94;;28,11;599,74;5590,43;1287,7;467,19;2090,5;2,13;;;;;;;;;;;;
Apr 94;;30,4;617,3;5400,26;1277,29;445,66;2134,1;2,04;;;;;;;;;;;;
Mai 94;;32,53;617,91;6082,86;1321,05;450,91;2261;1,93;;;;;;;;;;;;
Jun 94;;34,06;615,19;6287,05;1402,36;456,5;2131,9;1,96;;;;;;;;;;;;
Jul 94;;35,45;625,89;6230,57;1491,95;444,27;2030,3;1,9;;;;;;;;;;;;
Aug 94;;33,72;643,74;5856,14;1457,07;458,28;2150,9;1,63;;;;;;;;;;;;
Sep 94;;32,35;625,81;6370,68;1571,09;475,49;2203;1,48;;;;;;;;;;;;
Okt 94;;32,95;642,57;6735,86;1694,26;462,69;1991,8;1,52;;;;;;;;;;;;
Nov 94;;34,07;613,68;7474,55;1885,89;472,26;2062;1,58;;;;;;;;;;;;
Dez 94;;32,62;618,59;8540,65;1878,38;453,55;2051,1;1,69;;;;;;;;;;;;
Jan 95;;34,04;608,26;9596,19;2059,36;459,21;2084,1;1,49;;;;;;;;;;;;
Feb 95;;35,06;616,07;8431,25;1905,45;470,42;2037,7;1,52;;;;;;;;;;;;
Mrz. 95;;35,07;644,67;7522,39;1799,98;487,39;2114,5;1,52;;;;;;;;;;;;
Apr 95;;37,37;666,04;7405;1849,44;500,7;1915,1;1,63;;;;;;;;;;;;
Mai 95;;36,89;670,63;7262,38;1765,48;514,76;2029,6;1,66;;;;;;;;;;;;
Jun 95;;35,34;669,32;7877,27;1775,8;533,4;2118,3;1,63;;;;;;;;;;;;
Jul 95;;33,24;701,69;8618;1867,28;544,75;2083,4;1,43;;;;;;;;;;;;
Aug 95;;33,8;684,96;8931,82;1890,05;562,06;2222,3;1,53;;;;;;;;;;;;
Sep 95;;34,3;703,8;8397,25;1761,72;561,88;2233,4;1,63;;;;;;;;;;;;
Okt 95;;33,49;691,6;8068,86;1671,95;584,41;2205,4;1,76;;;;;;;;;;;;
Nov 95;;34,37;714,51;8498,1;1655,93;581,5;2157,9;1,99;;;;;;;;;;;;
Dez 95;;36,38;734,28;8074,21;1657,82;605,37;2259,4;2,67;;;;;;;;;;;;
Jan 96;;36,27;746,45;7870,71;1584,48;615,93;2271,4;2,93;;;;;;;;;;;;
Feb 96;;36,45;749,86;8198,5;1594,57;636,02;2472;3,83;;;;;;;;;;;;
Mrz. 96;;38,88;761,18;8046,4;1614,86;640,43;2494,7;2,92;;;;;;;;;;;;
Apr 96;;40,77;777,93;8047;1587,4;645,5;2495,4;2,25;;;;;;;;;;;;
Mai 96;;38,1;777,44;8042,86;1593,86;654,17;2490,7;2,24;;;;;;;;;;;;
Jun 96;;37,3;780,2;7713,16;1485,75;669,12;2526,8;2,49;;;;;;;;;;;;
Jul 96;;38,92;751,45;7202,61;1460,02;670,63;2563,9;2,56;;;;;;;;;;;;
Aug 96;;39,8;758,9;7037,62;1466,79;639,95;2492,2;2,04;;;;;;;;;;;;
Sep 96;;42,8;787,44;7329,81;1405,76;651,99;2540,8;1,83;;;;;;;;;;;;
Okt 96;;45,32;791,75;7028,7;1336,02;687,31;2647,5;2,27;;;;;;;;;;;;
Nov 96;;43,75;834,93;6960,71;1451,05;705,27;2675,4;3,08;;;;;;;;;;;;
Dez 96;;45,92;820,36;6571,05;1500,98;757,02;2854,8;3,81;;;;;;;;;;;;
Jan 97;;45,41;829,08;7069,14;1575,14;740,74;2855,2;3,28;;;;;;;;;;;;
Feb 97;;40,58;837,44;7736,58;1582,05;786,16;3034,3;2,13;;;;;;;;;;;;
Mrz. 97;;38,46;819,68;7893,21;1631,18;790,82;3264,5;1,89;;;;;;;;;;;;
Apr 97;;36,07;845,28;7313,14;1561,11;757,12;3336,1;2,01;;;;;;;;;;;;
Mai 97;;38,55;896,24;7476;1625,45;801,34;3448,7;2,22;;;;;;;;;;;;
Jun 97;;36,14;939,75;7060;1567,19;848,28;3551;2,2;;;;;;;;;;;;
Jul 97;;36,62;981,84;6832,74;1591,59;885,14;3782,7;2,17;;;;;;;;;;;;
Aug 97;;37,36;914,97;6764,45;1710,03;954,29;4422,2;2,44;;29,88;;;;;;;;;;
Sep 97;;37,43;963,49;6498,29;1611,62;899,47;3942,5;2,85;;27;;;;;;;;;;
Okt 97;;39,56;911,57;6373,48;1607,33;947,28;4154,6;3,06;;28,88;;;;;;;;;;
Nov 97;;37,81;926,5;6137,25;1598,32;914,62;3802,7;2,93;;25,13;;;;;;;;;;
Dez 97;;34,39;936,59;5942,38;1530,52;955,4;4000;2,33;;23,06;;;;;;;;;;
Jan 98;;30,75;961,49;5489;1485,47;970,43;4270,7;2,11;;21,5;;;;;;;;;;
Feb 98;;29,28;1025,3;5367,25;1465,18;980,28;4481;2,21;;21,88;;;;;;;;;;
Mrz. 98;;27,61;1067,35;5397,05;1438,32;1049,34;4696,5;2,22;;24,63;;;;;;;;;;
Apr 98;;27,7;1076,53;5391;1417,55;1101,75;5084,1;2,45;;28,56;;;;;;;;;;
Mai 98;;28,55;1061,79;5016,84;1364,32;1111,75;5251,41;2,15;;28;;;;;;;;;;
Jun 98;;26,16;1085,74;4456,9;1305,52;1090,82;5569,89;2,15;;24;;;;;;;;;;
Jul 98;;26,37;1082,74;4332,62;1312,67;1133,84;5863,25;2,19;;18,75;;;;;;;;;;100,5
Aug 98;;25,66;937,09;4078;1310,55;1120,67;5811,42;1,86;;15,13;;;;;;;;;;100,6
Sep 98;;27,87;952,39;4100,91;1341,89;957,28;4727,35;1,96;;10,81;;;;;;;;;;100,7
Okt 98;;26,79;1037,21;3870,45;1303,7;1017,01;4389,21;1,93;;7,5;;;;;;;;;;100,8
Nov 98;;24,57;1097,62;4117,25;1295,3;1098,67;4722,84;2,1;;7,44;;;;;;;;;;100,9
Dez 98;;22,08;1149,95;3865,76;1250,39;1163,63;4986,81;1,72;;8,31;;;;;;;;;;101
Jan 99;;23,44;1173,84;4264;1219,4;1229,23;4991,95;1,85;;8;;;;;;;;;;101,11
Feb 99;;22,47;1141,33;4623,25;1186,48;1279,64;5193,03;1,78;;7,56;;;;;;;;;;101,3
Mrz. 99;;25,81;1187,54;5002,95;1179,86;1238,33;4923,31;1,77;;7,19;;;;;;;;;;110,81
Apr 99;;30,44;1233,06;5054,75;1277,85;1286,37;4852,39;2,11;;7,31;;;;;;;;;;110,02
Mai 99;;31,26;1186,7;5395,79;1323,13;1335,18;5372,68;2,26;;12,88;;;;;;;;;;105,62
Jun 99;;31,54;1240,75;5194,77;1315,52;1301,84;5083,62;2,31;;12,13;;;;;;;;;;99,5
Jul 99;;35,58;1235,7;5696,36;1403,36;1372,71;5428,34;2,3;;11,13;;;;;;;;;;107,03
Aug 99;;38,19;1232,16;6431,43;1421,69;1328,72;5088,65;2,79;;11,63;;;;;;;;;;127,76
Sep 99;;41,7;1218,9;7029,09;1492,07;1320,41;5286,58;2,6;;10,75;;;;;;;;;;126,99
Okt 99;;41,81;1280,94;7317,62;1473,33;1282,71;5166,57;2,69;;10,38;;;;;;;;;;105,74
Nov 99;;44,95;1315,68;7946,82;1472,43;1362,93;5518,74;2,33;;10,25;;;;;;;;;;104,03
Dez 99;;46,25;1420,89;8073,24;1554,74;1388,91;5891,27;2,35;;14,13;;;;;;;;;;123,93
Jan 00;;47,46;1338,25;8315,25;1679,85;1469,25;6961,72;2,4;;16;;;;;;;;;;111,67
Feb 00;;50,64;1340,58;9583,75;1679,43;1394,46;6841,12;2,66;;15,13;;;;;;;;;;100,39
Mrz. 00;;51,39;1431,94;10255,4;1579,64;1366,42;7645,3;2,78;;12,5;;;;;;;;;;129,54
Apr 00;;45,3;1370,11;9746,5;1458,75;1498,58;7599,78;3,04;;14,5;;;;;;;;;;127,07
Mai 00;;51,36;1334,14;10122,91;1468,07;1452,43;7407,53;3,59;;11,69;;;;;;;;;;119,24
Jun 00;;55,62;1377,72;8384,32;1509,37;1420,6;7117,57;4,29;;8,5;;;;;;;;;;118,1
Jul 00;;53,61;1337,65;8174,81;1564,38;1454,6;6912,97;3,99;;9,63;;;;;;;;;;130,37
Aug 00;;55,8;1379,87;8038,43;1530,33;1430,83;7194,03;4,43;;6,56;;;;;;;;;;156,13
Sep 00;;60,39;1305,25;8624,81;1602,31;1517,68;7221,41;5,06;;6,5;;;;;;;;;;143,37
Okt 00;;59,81;1282,14;7650,64;1501,25;1436,52;6800,07;5,02;;5,13;;;;;;;;;;105
Nov 00;315;61,34;1203,05;7350,59;1475,55;1429,4;7093,84;5,52;;3,94;;;;;;;;;;112,77
Dez 00;306;51,48;1221,25;7318,8;1569,06;1314,95;6379,26;8,91;;3,25;;;;;;;;;;135,33
Jan 01;301;52,31;1244,22;6975,91;1619,88;1320,28;6431,14;8,17;;2,38;;;;;;;;;;137,66
Feb 01;297;53,42;1137,88;6546,8;1607,03;1366,01;6788,57;5,55;;3,45;;;;;;;;;;160,72
Mrz. 01;293;49,94;1061,26;6165,18;1512,17;1239,94;6212,66;5,18;;3,44;;;;;;;;;;149,49
Apr 01;282;51,03;1138,09;6363,11;1499,48;1160,33;5843,37;5,18;;2,81;;;;;;;;;;140,29
Mai 01;283;53,78;1121,09;7086,48;1542,39;1249,46;6272,03;4,2;;2,8;;;;;;;;;;123,18
Jun 01;279;52,81;1084,79;6674,33;1470,83;1255,82;6122,96;3,73;;3,44;;;;;;;;;;125,43
Jul 01;276;48,7;1069,67;5962,55;1418,62;1224,42;6053,81;3,11;;3,36;;;;;;;;;;133,23
Aug 01;279;50,1;1016,73;5525,64;1377,85;1211,23;5859,68;2,95;;3,3;;;;;;;;;;167,06
Sep 01;282;48,52;926,02;5057,65;1346;1133,58;5195,67;2,19;;2,05;;;;;;;;;;166,88
Okt 01;279;41,25;943,2;4830,78;1283,53;1040,94;4315,06;2,47;;1,69;;;;;;;;;;118,34
Nov 01;275;37,44;997,93;5131,32;1334,45;1059,78;4556,71;2,36;;0,9;;;;;;;;;;119,09
Dez 01;276;36,92;1003,52;5315,82;1348,72;1139,45;4986,58;2,42;;1,3;;;;;;;;;11600;136,69
Jan 02;268;37,58;972,42;6061,36;1371,36;1148,08;5155,26;2,26;;1,8;;;;;;;;;11550;145,34
Feb 02;270;38,96;962,73;6039,95;1371,08;1130,2;5109,48;2,31;;1,7;;;;;;;;;12563;151,56
Mrz. 02;283;45,06;1003,6;6543,2;1404,99;1106,73;5025,96;3,03;;1,4;;;;;;;;;14400;181,48
Apr 02;296;47,93;968,25;6956,81;1370,39;1147,39;5379,64;3,43;;1,75;;;;;;;;;15063;189,95
Mai 02;304;48,46;967,85;6771,18;1344,43;1076,92;5043,01;3,5;;2,78;;;;;;;;;13900;189,07
Jun 02;320;46,38;907,81;7147,61;1356,93;1067,14;4818,07;3,23;;2,8;;;;;;;;;14250;167,69
Jul 02;334;48,62;830,55;7137,7;1337,87;989,82;4377,1;2,99;;3,08;;;;;;;;;13750;195,06
Aug 02;335;49,65;830,58;6736,86;1293,36;911,62;3699,31;3,09;;2,54;;;;;;;;;13920;225,86
Sep 02;337;52,34;738,18;6664,95;1301,7;916,07;3698,69;3,55;;2,52;;;;;;;;;15225;225,45
Okt 02;335;51,79;791,88;6818,91;1311,46;815,28;2772,96;4,13;;1,94;;;;;;;;;15938;182
Nov 02;337;47,4;833,47;7314,81;1373,27;885,76;3152,19;4,06;;2,4;;;;;;;;;16900;177,79
Dez 02;334;52,53;792,21;7206,33;1375,86;936,31;3332,73;4,75;;2,29;;;;;;;;;18525;215,69
Jan 03;346;57,77;767,48;8032,91;1379,29;879,82;2898,68;5,45;;2,2;;;;;;;;;18775;224,4
Feb 03;355;62,02;752,86;8607,95;1421,56;855,7;2750,4;7,7;;2,57;;;;;;;;;19188;256,29
Mrz. 03;360;57,35;748,63;8339,71;1386,55;841,15;2553,74;5,94;;2,9;;;;;;;;;19875;256,61
Apr 03;359;49,59;813,3;7930,6;1334,32;848,18;2426,24;5,28;;3,32;;;;;;;;;21594;226,04
Mai 03;360;50,55;857,65;8347,75;1400,42;916,92;2938,72;5,81;;3,92;;;;;;;;;22750;188,51
Jun 03;361;53,51;871,07;8839,05;1410,54;963,59;2990,93;5,85;;4,55;;;;;;;;;22563;221,02
Jul 03;360;54,44;887,78;8831,78;1440,9;974,5;3217,21;5,03;;4,03;;;;;;;;;23656;277,17
Aug 03;358;56,27;905,32;9359,9;1457,24;990,31;3481,81;4,99;;4,16;;;;;;;;;27150;336,08
Sep 03;361;51,97;909,64;9995,82;1416,6;1008,01;3493,34;4,62;;4,2;;;;;;;;;31031;308,42
Okt 03;372;55,4;962,71;11040,35;1477,25;995,97;3255,76;4,63;;5,58;;;;;;;;;54000;220,95
Nov 03;374;55,84;976,02;12052,4;1511,6;1050,71;3657,61;4,49;;5,75;;;;;;;;;55500;235,93
Dez 03;384;57,96;1036,32;14185,21;1557,78;1058,2;3752,72;6,14;;6,85;;;;;;;;;58813;277,38
Jan 04;419;60,35;1052,29;15089,33;1608,89;1111,92;3969,04;6,15;;8,97;;;;;;;;;67825;304,12
Feb 04;452;60,34;1068,65;15099,35;1685,23;1131,13;4062,79;5,38;;7,55;;;;;;;;;76563;370,85
Mrz. 04;527;64,6;1059,16;13786,54;1657,35;1144,94;4026,19;5,4;;8,5;;;;;;;;;72688;349,24
Apr 04;557;65,38;1035,66;12725,9;1731,68;1126,21;3858,34;5,72;;10,97;;;;;;;;;65900;304,25
Mai 04;574;72,01;1042,63;11228,61;1625,27;1107,3;3972,88;6,34;;10,75;;;;;;;;;58000;251,28
Jun 04;588;69,39;1062,51;13599,36;1682,04;1120,68;3924,3;6,27;;12,52;;;;;;;;;37375;266,11
Jul 04;593;73,4;1026,99;15020,07;1707,87;1140,84;4078,36;5,93;;14,8;;;;;;;;;51500;292,14
Aug 04;588;79,73;1029,63;13639,62;1692,1;1101,72;3891,18;5,41;;17,6;;;;;;;;;55000;348,18
Sep 04;632;78,63;1047,86;13430,36;1731,02;1104,24;3794,17;5,17;;25,25;;;;;;;;;51500;312,12
Okt 04;638;87,84;1072,7;14378,48;1830,37;1114,58;3895,15;6,38;;29,1;;;;;;;;;56000;229,35
Nov 04;651;80,19;1127,34;14089,51;1817,35;1130,2;3961,18;6,19;;33,5;;;;;;;;;68750;249,85
Dez 04;653;75,26;1169,34;13764,98;1852,92;1173,78;4108,55;6,58;;42,8;;;;;;;;;70000;273,22
Jan 05;646;81,68;1142,35;14563,75;1836,21;1211,92;4260,92;6,15;;38,7;;;;;;;;;64625;292,03
Feb 05;635;83,88;1176,7;15415,6;1882,8;1181,27;4256,65;6,14;;36,5;;;;;;;;;68125;292,97
Mrz. 05;637;94,58;1151,18;16239,9;1987,52;1203,6;4345,24;6,65;;41,2;;;;;;;;;66500;351,69
Apr 05;619;95,06;1123,64;16138,33;1892,01;1180,59;4348,03;7,18;;32,6;;;;;;;;;66675;324,94
Mai 05;605;90,45;1140,68;17002,25;1741,45;1156,85;4208,63;6,47;;23,95;;;;;;;;;61375;266,61
Jun 05;562;100,11;1148,81;16113,18;1731,94;1191,5;4467,32;7,18;;25;;;;;;;;;43375;318,27
Jul 05;528;104,96;1188,16;14587,6;1783,26;1191,33;4584,44;7,65;;23,6;;;;;;;;;39300;373,36
Aug 05;538;114,21;1194,81;14962;1871,27;1234,18;4882,39;9,52;;29,02;;;;;;;;;34688;403,19
Sep 05;568;114,72;1224,31;14154,55;1837,69;1220,33;4846,66;12,42;;28,75;;;;;;;;;41850;364,24
Okt 05;567;110,14;1193,88;12431,12;1934,14;1228,81;5060,99;13,63;;29,4;;;;;;;;;46625;259,62
Nov 05;559;103,71;1231,41;12235,05;2056,97;1207,01;4922,91;10,3;;25,3;;;;;;;;;43000;303,82
Dez 05;554;106,51;1257,78;13490,45;2250,9;1249,48;5210,54;13,05;;27,8;;;;;;;;;36300;363,38
Jan 06;555;115,73;1313,21;14660,81;2383,3;1248,29;5410,24;8,69;;27,25;;;;;;;;;31750;395,7
Feb 06;551;111,73;1309,45;14974,5;2453,38;1280,08;5662,05;7,53;;36;;;;;;;;;31313;462,6
Mrz. 06;566;113,64;1335,07;14925,48;2432,48;1280,66;5806,96;6,88;;33,85;;;;;;;;;32750;455,44
Apr 06;586;125,61;1373,38;18028,89;2623,86;1302,88;5989,08;7,17;;38,4;;;;;;;;;32688;394,48
Mai 06;618;126,57;1322,25;21131,33;2852,07;1310,61;6014,38;6,25;;37,75;;;;;;;;;31125;342,33
Jun 06;648;126,02;1319,93;20585,91;2490,95;1270,05;5677,53;6,2;;32,9;;;;;;;;;34700;367,28
Jul 06;653;132,83;1327,23;26185,71;2511,83;1270,06;5688;6,17;;30,5;;;;;;;;;43250;412,19
Aug 06;655;132,01;1358,87;30468,86;2461,55;1278,53;5678,01;7,13;;34,56;;;;;;;;;60700;456,82
Sep 06;652;115,67;1373,37;29702,62;2484,38;1303,8;5861,25;4,9;;34,31;;;;;;;;;60900;448,75
Okt 06;633;108,96;1422,93;32551,14;2657,15;1335,82;6019,34;5,84;;34,66;;;;;;;;;61000;352,05
Nov 06;630;109,79;1455,17;31891,59;2702,14;1377,76;6262,71;7,41;;43,4;;;;;;;;;60563;388,28
Dez 06;635;114,28;1483,58;34400,53;2823,67;1400,63;6322,18;6,73;;41,2;;;;;;;;;60300;432,43
Jan 07;629;102,36;1500,23;36821,59;2799,06;1418,03;6614,73;6,53;;41,95;;;;;;;;;62250;463,37
Feb 07;643;109,21;1490,44;41078,25;2839,05;1437,9;6821,31;8;;47,96;;;;;;;;;63875;480,18
Mrz. 07;663;114,09;1514,18;46125,23;2757,08;1406,8;6714,25;7,11;;49,91;;;;;;;;;71450;536,5
Apr 07;691;121,1;1577,86;49956,58;2817,05;1420,83;6911,13;7,6;;53,39;;;;;;;;;84750;467,85
Mai 07;699;121,49;1616,87;51783,33;2804,6;1482,37;7429,93;7,64;;53,45;;;;;;;;;99000;430,3
Jun 07;691;126,74;1602,36;41551,67;2681,31;1530,62;7891,2;7,35;;60,9;;;;;;;;;82700;468,65
Jul 07;680;135,17;1565,81;33400,23;2738,09;1504,66;7969,27;6,22;;63,77;;;;;;;;;94000;546,97
Aug 07;685;130,01;1561,59;27649,64;2512,6;1455,18;7472,36;6,22;;64,29;;;;;;;;;111800;555,94
Sep 07;681;140,45;1633,58;29548,4;2394,96;1473,96;7643,64;6,07;;65,62;;;;;;;;;134250;536,7
Okt 07;690;150,53;1682,35;31156;2444,53;1527,29;7851,29;6,74;;78,79;;;;;;;;;157375;437,59
Nov 07;695;166,68;1610,94;30505,64;2507,15;1545,79;8024,41;7,11;;77,09;;;;;;;;;161600;472,54
Dez 07;706;164,7;1588,8;26053,56;2382,83;1479,63;7859,39;7,13;;73,09;;;;;;;;;160000;535,34
Jan 08;720;168,58;1466,35;27774,77;2456,13;1467,97;8045,97;7,98;;78,36;;;;;;;;;123625;559,28
Feb 08;776;176,27;1455,56;28064,95;2784,89;1378,6;6896,19;8,54;;68,65;;;;;;;;;135500;557,01
Mrz. 08;866;188,85;1437,4;31093,05;3012,05;1330,45;6692,98;9,41;;76,58;;;;;;;;;140750;650,78
Apr 08;970;202,3;1508,99;28776,82;2968,03;1326,41;6519,02;10,18;;80,53;;;;;;;;;140875;571,71
Mai 08;1044;226,24;1525,73;25656,5;2908,28;1385,97;6982,06;11,27;;89,08;;;;;;;;;161000;523,68
Jun 08;1117;243,39;1402,13;22562,57;2967,87;1399,62;7098,7;12,68;;97,35;;;;;;;;;161000;538,01
Jul 08;1160;249,4;1366,7;20106,96;3067,46;1276,69;6394,08;11,09;;94,77;;;;;;;;;158750;619,17
Aug 08;1154;217,46;1344,86;19111,8;2762,56;1269,42;6461,01;8,25;;86,89;;;;;;;;;145000;537,6
Sep 08;1041;192,02;1182,44;17781,86;2524,15;1287,83;6400,85;7,62;;73,01;;;;;;;;;100375;553,88
Okt 08;920;146,68;957,25;12144,87;2122,03;1164,17;5865,08;6,74;;48,77;;;;;;;;;30300;434,53
Nov 08;776;113,7;892,93;10776,5;1857,13;968,67;5053,94;6,7;;26,39;;;;;;;;;16625;397,41
Dez 08;676;91,55;920,23;9846,93;1504,42;888,61;4653,12;5,84;;21,91;;;;;;;;;18125;434,16
Jan 09;676;94,95;838,83;11562,95;1420,36;902,99;4856,85;5,23;875,3;24,8;8314,11;1144,9;23,45;72,51;109,66;858,69;82,58;18,96;22750;557,74
Feb 09;639;89,7;750,86;10410,75;1338,06;823,09;4309,17;4,49;778,25;22,05;6911,99;1099,63;22,53;75,59;107,85;943;78,83;15,68;30813;684,57
Mrz. 09;582;93,64;805,22;9710,73;1338,08;729,57;3817,51;3,96;607,46;18,6;6582,23;1246,52;22,53;64,07;105,54;924,27;87,89;13,83;24000;721,06
Apr 09;566;97,05;893,02;11331,6;1431,81;793,59;4074,79;3,49;790,01;19,94;8077,68;1393,91;22,53;59,78;112,36;890,2;94,55;12,94;24125;674,05
Mai 09;562;109,78;970;12763,36;1464,42;872,74;4769,45;3,83;1012,24;23,68;9084,91;1449,67;25,98;62,69;118,55;928,65;109,28;16,24;30800;675,55
Jun 09;578;127,94;964,05;14961,95;1586,34;923,26;4992,1;3,8;1277,39;35,32;10937,8;1668,19;28,93;71,66;130,89;945,67;129,99;18,49;45500;746,75
Jul 09;585;119,83;1044,75;16024,5;1674,33;920,82;4820,61;3,39;1151,05;33,96;10962,6;1674,51;28,83;83,95;140,02;934,23;121,64;18,05;43525;938,66
Aug 09;611;130,44;1085,6;19375,93;1927,64;990,22;5330,87;3,14;1330,83;37,65;12368,2;1893,04;32,48;97,67;161,31;949,38;134,68;21,6;38375;1021,44
Sep 09;642;124,74;1126,98;17404,64;1835,6;1019,52;5479,35;2,99;1243,49;35,08;11342,3;2205,48;30,09;80,71;151,27;996,59;128,47;23,95;30375;989,78
Okt 09;646;134,81;1106,17;18489,48;1875,66;1054,91;5681,88;4;1368,88;36,61;11858,2;2227,69;30,65;86,79;157,47;1043,16;139,21;23,5;31800;776,07
Nov 09;627;140,82;1149,01;16911,33;1956,55;1036,18;5410,61;3,68;1395,01;33,78;12741,9;2303,44;29,64;99,26;166,65;1127,04;145,82;21,89;41688;797,99
Dez 09;634;137,84;1168,47;17121,62;2181,26;1098,89;5653,88;5,35;1629,41;39,99;13229,4;2326,26;30,86;105,25;176,78;1134,72;140,86;24,68;36625;1000,75
Jan 10;653;143,74;1119,54;18405,55;2230,15;1116,56;5975,52;5,84;1699,33;47,43;12750,5;2352,18;33,49;125,91;191,18;1117,96;144,95;26,5;37600;1017,19
Feb 10;673;139,3;1133,35;19060,55;2053,29;1073,89;5587,5;5,32;1594,24;39,94;11621,6;2125,8;32,99;127,62;183,23;1095,41;140,4;22,93;34375;1004,26
Mrz. 10;693;146,29;1200,53;22467,17;2210,55;1105,36;5652,85;4,29;1671,89;38,17;11913,5;2162,71;32,84;139,77;198,98;1113,34;148,94;23,44;36875;1092,41
Apr 10;773;155,22;1198,56;26028,5;2314,31;1171,23;6189,38;4,04;1929,76;45,14;12696;2272,18;33,44;172,47;220,78;1148,69;158,13;25,59;34100;907,27
Mai 10;798;141,62;1079,8;21930;2044,73;1188,58;6122,76;4,15;1727,79;39,91;11945;1876,82;34;161,35;198,64;1205,43;142,15;24,59;37125;855,24
Jun 10;757;140,14;1041,32;19411,3;1929,41;1087,3;5943,94;4,8;1496,06;29,3;11234;1707,28;30,86;143,63;182,88;1232,92;140,45;21,9;34250;884,16
Jul 10;732;139,75;1124,83;19548,52;1989,05;1031,1;5885,61;4,63;1442,24;27,71;11247,1;1843,97;30,25;126,36;179,37;1192,97;139,96;20,06;27950;1099,18
Aug 10;746;141,35;1080,7;21448,79;2110,44;1107,53;6187,64;4,31;1691,79;32,01;12181,5;2082,8;30,81;145,34;198,02;1215,81;142,57;23,05;31500;1155,25
Sep 10;748;141,95;1179,19;22690,14;2171,24;1049,72;5936,94;3,89;1640,5;30,15;11498,9;2192,85;30,75;140,63;202,24;1270,98;143,08;21,7;33563;1165,96
Okt 10;751;151,33;1222,23;23793,68;2342,18;1143,49;6244,06;3,43;1750,22;33,69;12614,2;2383,55;32,78;148,48;216,28;1342,02;153,57;24;33100;954,57
Nov 10;741;157,12;1193,56;22836,23;2324,05;1185,71;6637,09;3,71;1764,69;32,47;13508,2;2364,98;31,52;160,55;222,65;1369,89;158,91;26,68;30750;1018,24
Dez 10;736;167,13;1280,07;24099,57;2356,67;1186,6;6748,36;4,25;1821,77;33;12949,8;2413,2;31,82;168,53;233,58;1390,55;169,33;29,71;25950;1239,93
Jan 11;813;173,3;1308,08;25621,23;2439,7;1257,62;6973,39;4,49;2043,96;38,63;12884,8;2583,98;34,41;179,63;245,48;1356,4;174,28;31,1;20313;1189,09
Feb 11;897;181,53;1351,65;28412,18;2515,26;1289,14;7133,34;4,09;2075,84;36,84;12534,9;2595,58;34,81;187,18;256,24;1372,73;184,1;29,7;18125;1066,52
Mrz. 11;912;198,75;1334,93;26710,35;2555,5;1328,64;7309,8;3,97;1992,32;37,15;12620,3;2624,02;34;169,36;244,21;1424;204,42;30,36;17750;1200,56
Apr 11;913;212,57;1388,62;26332,17;2667,42;1329,48;7086,56;4,24;2064,55;35,89;13451,5;2719,35;35,68;179,26;250,08;1479,76;218,82;28,94;14700;892,75
Mai 11;912;199,95;1354,61;24164,55;2587,21;1365,21;7570,86;4,31;2015,51;37,19;13106,5;2419,64;35,93;177,1;239,46;1512,6;203,62;31,22;13188;838,99
Jun 11;881;196,65;1331,18;22420,93;2557,76;1345,2;7310,56;4,54;1861,17;33,2;13232,4;2524,99;34,81;170,88;235,71;1528,66;199,35;32,99;12250;915,99
Jul 11;860;200,92;1306,05;23847,95;2525,43;1320,64;7374,49;4,42;1932,24;35,02;12873,6;2681,02;35,12;172,98;242,23;1572,21;203,23;35,51;13110;1084,89
Aug 11;842;189,65;1211,22;21864,68;2380,98;1292,59;7254,5;4,05;1779,4;31,59;12540,4;2393,06;30,65;177,45;232,83;1757,21;189,5;31,35;14469;1264,99
Sep 11;852;190,45;1104,06;20377,59;2293,46;1219,12;5793,1;3,89;1532,97;21,58;10922,5;2287,67;31,47;177,23;224,1;1770,95;190,27;23,57;18600;1195,11
Okt 11;803;189,22;1217,3;19039,05;2180,65;1131,21;5311,93;3,56;1120,37;15,84;8408,26;1960,38;29,99;150,43;200,9;1665,21;188,44;18;19906;966,98
Nov 11;788;197,22;1184,6;17873;2079,98;1251;5934,54;3,26;1390,1;19,3;10184,5;1994,22;30,25;135,54;193,28;1738,11;198,51;19,86;19375;1005
Dez 11;778;195,28;1182,59;18246,04;2024,38;1246,91;6080,48;3,16;1389,23;19,07;10282;2024,56;29,84;136,46;192,11;1641,84;196,31;19,17;21450;1159,33
Jan 12;787;199,69;1240,89;19908,62;2151,33;1258,86;6124,11;2,67;1400,36;19,53;10235,2;2100,21;29,23;140,35;202,04;1652,21;201,32;17,77;17563;1278,57
Feb 12;812;208,65;1298,72;20393,67;2207,92;1312,45;6482,95;2,53;1580,68;21,07;11253,8;2121,26;29,74;140,4;207,1;1742,14;212,38;21,73;16625;1416,34
Mrz. 12;801;216,98;1312,01;18660,81;2184,16;1365,9;6831,97;2,16;1541,74;20,94;11602,4;2056,69;30,96;144,66;206,92;1673,77;222,03;20,19;14950;1261,79
Apr 12;802;210,62;1293,99;17892,82;2048,51;1408,47;6973,99;1,95;1504,58;18,62;10658,8;2073,64;30,25;147,65;203,49;1649,69;214,36;18,78;15000;988,28
Mai 12;788;194,23;1177,64;16968,32;2002,52;1397,86;6861,3;2,43;1447,32;17,27;11146;1999,25;29,49;136,27;193,34;1591,19;196,28;17,9;14250;994,2
Jun 12;747;172,47;1235,72;16603,68;1885,51;1309,87;6259,76;2,45;1126,48;13,47;9620,87;1850,96;28,32;134,62;185,69;1598,76;171,02;13,37;13350;1042,39
Jul 12;734;181,19;1250,57;16128,41;1876,25;1362,33;6405,39;2,96;1234,3;15,41;9711,57;1881,48;28,42;127,94;183,15;1589,9;182,28;12,74;13406;1218,33
Aug 12;730;194,79;1279,21;15703,99;1843,33;1379,32;6775,99;2,84;1190,32;16,1;9762,37;1897,77;26,5;107,8;172,49;1630,31;198,42;14,94;10200;1368,72
Sep 12;736;196,48;1311,5;17287,96;2064,12;1406,54;6946,61;2,85;1131,22;14,84;9287,51;2177,68;25,6;99,47;179,92;1744,81;200,48;15,84;10875;1270,4
Okt 12;717;191,02;1301,52;17168,74;1974,3;1440,9;7227,81;3,32;1206,03;14,45;9828,22;2141,97;26,6;113,95;183,4;1746,58;195,06;16,63;13875;1003,72
Nov 12;711;187,8;1315,49;16335,36;1948,83;1412,2;7255,3;3,54;1249,28;14,95;10701,2;2181,97;25;120,35;182,12;1721,64;190,93;17,5;13150;1044,2
Dez 12;721;188,46;1338,5;17448,5;2086,76;1416,34;7427,41;3,34;1192,94;15,46;10458,9;2279,8;26,6;128,87;192,74;1684,76;190,81;15,53;11750;1220,78
Jan 13;730;194,33;1405,47;17494,07;2037,61;1426,19;7689,46;3,33;1357,53;17,88;11897,7;2334,47;27,35;150,49;202,34;1671,85;197,91;17,76;11813;1370,63
Feb 13;736;198,68;1405,18;17690,1;2053,6;1498,11;7792,59;3,33;1379,27;17,47;12215;2365,79;27,85;154,64;205,19;1627,57;202,94;17,95;12156;1569,3
Mrz. 13;720;190,62;1434,51;16731,7;1911,28;1514,68;7735,35;3,8;1244,94;14,55;11344,2;2173,35;27,5;139,87;190,64;1593,09;193,35;17,17;11850;1418,25
Apr 13;710;184,44;1476,14;15629,31;1861,02;1569,18;7795,31;4,17;1190,05;13,04;10811,4;2024,37;26,05;137,39;183,55;1487,86;186,21;15,87;12063;1169,13
Mai 13;702;184,52;1471,93;14948,23;1832,57;1597,55;7913,71;4,04;1144,82;12,45;10825,3;2031,89;26;124,01;176,4;1414,03;186,98;13,74;12000;1150,29
Jun 13;686;184,85;1433,55;14280,28;1814,54;1631,71;8291,49;3,83;1127,34;12,86;10548,1;2099,69;25,4;114,82;169,66;1343,35;187,68;15,35;13125;1183,12
Jul 13;679;192,26;1507,91;13750,32;1769,61;1609,78;8000,02;3,62;1056,98;11,36;9203,85;2047,73;24,3;127,19;172,66;1285,52;197,73;15,2;13750;1405,95
Aug 13;691;196,77;1472,74;14308,26;1816,24;1689,42;8320,38;3,43;1133,11;12,62;9723,93;2173,08;25;137,06;180,79;1351,74;203,14;16,39;17525;1571,29
Sep 13;703;198,1;1543,67;13801,39;1761,3;1635,95;8224,34;3,62;1139,36;13,39;10055;2084,92;25,3;134,19;177,66;1348,6;204,58;16,08;22375;1492,72
Okt 13;714;192,95;1602,86;14117,65;1814,58;1682,41;8618,59;3,67;1231,32;13,7;10333,6;2115,43;25,9;132,57;178,87;1316,58;198,47;17,85;21250;1259,67
Nov 13;710;188,91;1628,42;13684,01;1747,96;1758,7;9032,29;3,62;1321,73;15,7;10678,7;2089,56;25,65;136,32;177,93;1275,86;193,3;18,83;19200;1311,51
Dez 13;716;194,31;1661,07;13924,55;1739,81;1806,55;9412,95;4,24;1295,28;17,49;11548,1;2136,73;25,45;135,79;179,14;1221,51;198,69;18,1;22625;1499,11
Jan 14;726;188,98;1598,46;14101,25;1727,41;1845,86;9598,25;4,7;1380,24;17,61;10709,3;2143,17;27;128,12;176,4;1244,27;192,56;17,69;22550;1625,11
Feb 14;719;192,9;1675,4;14203,55;1695,17;1782,68;9318,77;5,98;1210,61;16,54;9509,65;2108,03;26,05;121,37;171,96;1299,58;197,2;19,09;25563;1791,23
Mrz. 14;713;190,84;1673,87;15678,1;1705,37;1857,68;9553,08;4,88;1233,22;15,1;9751,65;2053,08;25,6;111,83;164,99;1336,08;195,72;19,21;30563;1521,78
Apr 14;713;192,16;1687,74;17373,6;1810,68;1873,96;9601,96;4,63;1290,06;16,37;10098,3;2087,09;25,5;114,58;169,48;1298,45;197,39;19,65;27063;1261,5
Mai 14;720;193,36;1715,18;19401,08;1751,05;1884,39;9611,79;4,56;1261,27;16,21;9802,46;2097,33;25,35;100,56;164,52;1288,74;198,88;20,52;25200;1290,63
