Date;Sales Product X;Overall Discount;Net Revenue.x;Gross List Price;Sales Used Product ieS;Sales used Produktline;Sales Total;Average Inventory Days;Commission weighted Produktline total);Overvaluation;Average Sales Price (per Used);Sales Provision;Contribution Margin incl. Overvaluation;Contribution Margin excl. Overvaluation;RENT Inventory;RENT Rental Income;RENT Rental Income per Unit;RENT Toll.x;RENT Toll per Unit;RENT Rental Utilization;RENT Leased Vehicles;Market Share;Carbon Steel World Price;Fuel Energy Index;MSCI World;S&P500;DAX30;ARCA Steel Index;HANG SENG China;Crude Oil Prices;S&P500 Auto Parts & Equipment;Production Index China;Registration Vehicle Category Total;RVC A;RVC B;RVC C.x;RVC D;RVC E;RVC F;RVC G.x;Market Production;New Orders Index;Production Index.x;EURIBOR;Diesel Net Price;Diesel Consumer Price;ifo Business Climate Index;Toll KM DE
01.01.2010;43;0,556432707;69952,90401;154190,6279;219;718;574;112,2153906;0,129989275;0,190144857;22452,6449;0,043832187;-1810,566072;-4219,516811;2429;4893527,75;2014,626492;1106261,56;455,4390943;0,6373;1548,0017;40,77348066;653;143,74;286,33;1116,56;5975,52;1504,69;12791,33;78,33;106,48;60,5;16250;12100;1675;10051;374;3811;1210;2601;14349;86,8;80,8;0,00996;51,3;117;98,6;1148382
01.02.2010;177;0,508615757;83510,66298;156510,2189;433;1059;1220;104,467521;0,098437815;0,010128583;24669,61204;0,007864696;-1900,317177;-4135,46882;2458;5370307,51;2184,828116;1157396,6;470,8692433;0,6985;1716,913;41,05322763;673;139,3;289,5;1073,89;5587,5;1637,32;11384,96;76,39;118,99;54,3;16411;12394;1333;10618;443;3722;1322;2400;17655;90,4;86,1;0,00966;48,3;113,4;98,6;1202276
01.03.2010;253;0,490754908;84348,76463;157809,4783;381;1050;2275;95,55824176;0,094743153;0,01097691;25436,23444;0,006522395;-865,1725143;-4132,817867;2502;6231895;2490,765388;1198670,49;479,0849281;0,7801;1951,8102;40,19927847;693;146,29;307,4;1105,36;5652,85;1879,39;11710,34;81,2;126,22;58,4;25740;19083;1863;16495;725;6201;2057;4144;20594;108,7;105,8;0,00959;54,3;120,6;100,7;1504640
01.04.2010;247;0,50198963;85223,80833;155371,3279;313;1008;1665;80,77272727;0,094732714;0,015523881;24985,12437;0,009884849;46,69090278;-4819,117242;2614;7047289,57;2695,979178;1374119,29;525,6768516;0,865;2261,11;40,10714946;773;155,22;307,35;1171,23;6189,38;1752,11;12546,32;84,29;128,52;59,1;23694;17447;1746;15199;502;5815;1796;4019;19105;97,7;97,1;0,00945;57,1;123,9;104,4;1373424
01.05.2010;250;0,49508504;86595,35648;159011,892;228;649;1717;68,7086039;0,089645307;0,018687067;27662,98419;0,009395184;333,296718;-3075,574884;2689;7592482,28;2823,53376;1665166,18;619,2510896;0,8984;2415,7976;36,46680537;798;141,62;277,17;1188,58;6122,76;1560,17;11990,25;73,74;109,16;58,2;22281;16161;1650;14010;501;5793;1935;3858;18591;95,1;96,3;0,00971;57,6;124,5;105,4;1333034
01.06.2010;278;0,486813756;87082,21105;158664,3696;184;642;1960;51,86293294;0,098735776;0,019375783;27659,96685;0,008901444;2197,801916;-386,7792056;2852;8125162,78;2848,935056;1755717,69;615,6092882;0,8845;2522,594;36,48670959;757;140,14;268,25;1087,3;5943,94;1441,22;11330,98;75,34;102,81;55,8;24696;18008;1721;15669;618;6366;2179;4187;21773;107,2;104,9;0,00991;57,5;124,4;106,3;1457600
01.07.2010;318;0,492308635;87158,97361;159933,2138;162;645;2119;59,41716418;0,099886644;0,015202807;27562,12606;0,007936001;3048,362837;442,2034884;3007;8270843,13;2750,529807;1800485,99;598,7648786;0,8445;2539,4115;37,74571972;732;139,75;289,75;1031,1;5885,61;1625,73;11416,87;76,32;110,23;52,7;23420;16424;1474;14340;610;6649;2181;4468;19710;99,8;100,3;0,01056;55,6;122,1;110,5;1440190
01.08.2010;310;0,510126505;83892,81602;160035,3097;164;547;2458;55,51837959;0,093966911;0,027959611;28002,69695;0,014639418;3895,274625;410,463894;3266;7690288,19;2354,650395;1869266,35;572,3411972;0,7842;2561,1972;46,14711033;746;141,35;279,06;1107,53;6187,64;1556,46;12053,9;76,6;101,51;53,1;20892;14503;1264;12793;446;5967;2155;3812;10444;94,1;94,9;0,01145;54,7;121;111,6;1394587
01.09.2010;526;0,487005494;86135,05026;157041,1933;181;599;2771;65,93550835;0,090937508;0,009735659;30111,79245;0,004957477;4112,899533;1313,596027;3366;9052244,94;2689,318164;1842232,28;547,3060844;0,8262;2780,9892;41,3897281;748;141,95;305,16;1049,72;5936,94;1723,67;11658,51;75,24;116,7;56,4;26879;18499;1156;16727;616;7832;2724;5108;23025;104,1;109,3;0,01134;56;122,6;111,9;1491698
01.10.2010;451;0,504789696;84362,51771;159913,3545;235;627;2815;61,26069411;0,09431669;0,026184085;32077,76759;0,009348512;3603,486826;906,2619298;3387;9433451,22;2785,193747;2057595,38;607,4978978;0,8964;3036,1068;41,74481387;751;151,33;315,95;1143,49;6244,06;1751,45;12531,86;81,89;134,37;57,1;26690;18810;1458;16714;638;7400;2399;5001;20866;101,2;108,2;0,01184;57,1;123,9;113;1461139
01.11.2010;449;0,515336047;84818,26098;160805,8953;181;575;2840;60,7255957;0,092434725;0,027116671;29180,41249;0,009855932;4147,104052;787,9343826;3400;10109650,35;2973,426574;2318177,53;681,8169206;0,8981;3053,54;42,61115032;741;157,12;308,38;1185,71;6637,09;1757,32;13376,14;84,25;139,42;58,5;28677;20616;1778;18229;609;7447;2724;4723;27080;111,1;112,3;0,01269;58,3;125,3;114,3;1482643
01.12.2010;729;0,534349686;82346,76857;160098,2597;227;641;3294;99,30045425;0,12065099;0,019371102;29643,23955;0,006082272;1687,266209;-724,6662559;3375;9589737,97;2841,403843;2453438,65;726,9447852;0,8521;2875,8375;41,12839855;736;167,13;330,64;1186,6;6748,36;2008,21;12826,56;89,15;146,16;57,5;26527;19208;1616;16954;638;6682;2186;4496;17494;103,9;104;0,01258;62,8;130,7;114,3;1264724
01.01.2011;43;0,563142848;57989,74206;168126,0595;130;461;599;119,3611794;-0,319036096;0,097284916;28451,55134;0,09416;3778,442039;1405,064555;3323;7689655,95;2314,070403;1884534,07;567,1182877;0,7507;2494,5761;35,34088987;813;173,3;335,58;1257,62;6973,39;2019,7;12747,32;89,17;146,89;55,3;22841;16218;1525;14246;447;6204;1872;4332;19977;106,3;93;0,01224;65;133,3;112,6;1267407
01.02.2011;157;0,510065262;83219,57261;165223,2229;182;605;1542;129,8054381;0,076832296;0,038323489;29396,9265;0,011524985;4799,260562;1863,539917;3399;7856701,76;2311,474481;1950552,63;573,8607326;0,7758;2636,9442;33,00582848;897;181,53;344,82;1289,14;7133,34;2042,31;12541,74;88,58;156,11;53,8;22855;16262;1401;14376;485;6348;2072;4276;21555;109,8;99,7;0,01331;68;136,9;114;1306655
01.03.2011;266;0,507399146;86973,42667;164256,7759;218;717;2280;145,151363;0,088048598;0,026419705;28705,01538;0,006088276;3581,050767;719,3158438;3509;8446851,81;2407,196298;1840061,73;524,3835081;0,8032;2818,4288;32,62776283;912;198,75;343,64;1328,64;7309,8;2055,06;12513,9;102,86;159,05;55,7;30730;21383;1575;19174;634;8975;3006;5969;23891;119,4;116,2;0,01382;73,8;143,7;113,7;1545836
01.04.2011;350;0,507598826;87103,69397;165281,6502;126;526;2159;154,4365782;0,09073543;0,024054162;29375,9551;0,007846369;5567,438099;2616,73249;3597;9159020,33;2546,294226;2066875,35;574,6108841;0,8472;3047,3784;33,28765246;913;212,57;356,9;1329,48;7086,56;2044,96;13409,91;109,53;156,87;55,3;26594;18309;1357;16447;505;7791;2508;5283;21584;104,2;102,2;0,01556;75,7;146;112,6;1358544
01.05.2011;433;0,520907987;84971,14506;162831,5699;168;520;2662;151,4460329;0,095711078;0,026563756;29906,90467;0,009842326;6849,175096;2667,200192;3733;9687866,32;2595,195907;2247939,54;602,1804286;0,8502;3173,7966;36,66282495;912;199,95;347,9;1365,21;7570,86;1914,24;13206,88;100,9;151,52;54,9;30828;21943;1925;19379;639;8442;2705;5737;25242;117,1;113,8;0,01682;71,4;140,9;113,7;1539146
01.06.2011;327;0,511831475;85672,07229;162165,1902;174;464;2207;170,9334779;0,108310737;0,026962538;31681,37466;0,010300393;7139,118944;3744,068772;3789;9866139,38;2603,890045;2342256,14;618,1726419;0,833;3156,237;36,66869116;881;196,65;341,82;1345,2;7310,56;1896,64;13273,96;96,26;159,4;53,1;26848;19481;1709;17192;580;7090;2392;4698;19651;110,9;104,1;0,01714;72,6;142,3;113,6;1350521
01.07.2011;352;0,514827071;85220,22951;164402,7301;158;492;2227;175,1173063;0,101356132;0,021819867;28947,80053;0,007119887;479,7358537;-2386,370772;3873;9197422,99;2374,754193;2169007,88;560,0330183;0,8155;3158,4315;40,21878108;860;200,92;335,9;1320,64;7374,49;1795,18;12856,36;97,3;141,38;52,1;27682;19726;1632;17488;606;7594;2497;5097;20441;104,7;106,1;0,01797;72,6;142,3;112,9;1411478
01.08.2011;346;0,543022869;82994,31186;166520,7803;175;483;2152;155,7311475;0,097529941;0,032561007;29716,00534;0,01180817;3828,313499;1282,38029;4111;9611685,94;2338,040851;2395041,23;582,5933423;0,7688;3160,5368;41,03362391;842;189,65;310,62;1292,59;7254,5;1532,97;12564,37;86,33;121,98;52,3;25383;18144;1699;15909;536;6877;2357;4520;19684;100,8;104,6;0,0182;70;139,2;109,4;1470074
01.09.2011;538;0,531482046;84807,62472;164624,2701;168;583;2815;160,2439181;0,105716688;0,021122983;29699,88925;0,005572952;4889,191732;2244,036312;4474;10012493,76;2237,928869;2209730,86;493,9049754;0,7796;3487,9304;41,09728219;852;190,45;280,64;1219,12;5793,1;1182,19;11107,69;85,52;100,9;52,7;28946;20036;1444;17972;620;8446;2705;5741;27674;106,4;114,2;0,01748;73,5;143,4;108,1;1501290
01.10.2011;408;0,535665999;82445,36838;164820,0228;229;590;2322;157,9902089;0,079831982;0,032403781;28802,24403;0,010985899;2465,840458;-494,541661;4622;11113550,8;2404,489572;2504509,58;541,8670662;0,8189;3784,9558;38,10362542;803;189,22;310,43;1131,21;5311,93;1442,23;8655,14;86,32;126;52,3;28611;21057;1500;18939;618;7165;2483;4682;24456;101,3;108,3;0,01757;74,3;144,4;107,4;1410503
01.11.2011;352;0,538246043;81699,66137;165049,8434;195;578;2151;158,7152734;0,093913639;0,042219106;28634,21137;0,008704447;3194,288322;-271,6123529;4971;12407996,39;2496,076522;3067813,8;617,1421847;0,8417;4184,0907;42,2739726;788;197,22;300,45;1251;5934,54;1392,07;10230,51;97,16;120,45;50,9;32657;24486;1922;21853;711;7661;2307;5354;29416;105,8;116,7;0,01782;76,3;146,7;107,6;1500115
01.12.2011;919;0,524892502;86353,6542;167444,0132;271;750;3592;167,753125;0,089423062;0,018923487;26225,69573;0,00382029;1356,433693;-1855,469333;5063;11052973,31;2183,087756;2859957,99;564,8741833;0,7496;3795,2248;39,65299685;778;195,28;299,51;1246,91;6080,48;1326,82;10180,34;98,56;117,97;53,4;30847;23497;1700;21058;739;6645;2121;4524;21459;103,9;106,1;0,01697;73,3;143,2;107,1;1272115
01.01.2012;113;0,624296103;70373,57918;171364,0619;200;556;787;89,53859857;0,091684149;0,120121756;28621,84772;0,044960788;4196,984424;569,7386511;4944;9688990,37;1959,747243;2569334,55;519,687409;0,6449;3188,3856;40,06610995;787;199,69;316,65;1258,86;6124,11;1541,57;10136,89;100,27;124,41;53,6;23558;17027;1243;15317;467;6033;1772;4261;21618;103,5;97,5;0,01606;75,23;145,5;107,5;1297731
01.02.2012;312;0,517825494;86891,37211;164618,6026;277;654;1894;90,25945317;0,095346712;0,022814539;32036,35823;0,009754429;4390,262156;658,52737;4933;9818313,27;1990,333118;2450437,73;496,7439145;0,6657;3283,8981;39,19983835;812;208,65;331,93;1312,45;6482,95;1518,69;11309,77;102,2;130,61;53,8;21280;15720;1046;14187;487;5283;1740;3543;21703;105,1;102,1;0,01409;77,41;148,09;108,1;1300597
01.03.2012;607;0,506418316;87993,097;167426,7572;292;800;2904;575,7613711;0,083707067;0,024607882;30075,38123;0,005202659;2586,042;-340,6698625;5088;10019883,46;1969,316718;2224511;437,2073506;0,704080574;3582,361963;37,58536868;801;216,98;333,3;1365,9;6831,97;1472,45;11766,77;106,16;130,88;55,2;30811;21211;1465;19084;662;9144;2800;6344;24872;116,8;116,1;0,01267;81,53;153;108,3;1485841
01.04.2012;456;0,514318366;87069,17543;168233,92;205;573;2383;97,8404641;0,078113101;0,018438307;31290,1185;0,012587125;4432,654311;400,0850611;5139;11009338,36;2142,311415;2486926,24;483,9319401;0,7206;3703,1634;37,07297076;802;210,62;328,67;1408,47;6973,99;1434,54;10699,36;103,32;127,01;57,2;26163;17959;1179;16282;498;7802;2334;5468;17889;100,1;101,6;0,01072;81,11;152,5;108,5;1319106
01.05.2012;356;0,546081897;79973,80257;164854,7402;209;571;2313;94,05526898;0,082351697;0,042328505;29750,89863;0,01613021;3490,311243;478,3442732;5141;11326572,01;2203,184596;2421648;471,0461;0,7338;3772,4658;39,26940639;788;194,23;297,98;1397,86;6861,3;1153,5;11141;94,65;118,44;52,9;26648;18907;1162;17184;561;7350;2406;4944;22248;104,2;106,6;0,00992;77,04;147,66;106,5;1406716
01.06.2012;379;0,53726335;83565,79495;167106,7243;152;547;2357;85,53571429;0,102280717;0,032250402;29531,21331;0,007910672;3854,730091;1226,481042;5170;10941521,1;2116,348375;2406078;465,3922631;0,7181;3712,577;38,5913764;747;172,47;312,11;1309,87;6259,76;1226,4;9582,64;82,3;108,72;52;29212;21755;1376;19846;533;7072;2258;4814;23178;105,9;108,5;0,00943;72,83;142,64;104,9;1395396
01.07.2012;429;0,512550342;89064,31277;169526,3514;165;549;2109;81,79073756;0,081825446;0,024666899;29518,23384;0,007950707;4385,397596;2119,531694;5026;10847618,63;2158,300563;2458623,46;489,1809511;0,700569;3521,059794;39,80247688;734;181,19;316,02;1362,33;6405,39;1190,95;9668,29;87,9;100,85;51,8;26876;19575;1054;17993;528;6943;2194;4749;20078;103;108,6;0,00928;74,53;144,67;102,9;1438562
01.08.2012;411;0,515986124;88326,09405;171655,4642;191;559;2340;64,51107676;0,081461852;0,035892222;32397,75406;0,009129239;1220,85356;-857,3827013;4907;11031206,27;2248,055078;2510317;511,578765;0,703;3449,621;41,4143123;730;194,79;322,14;1379,32;6775,99;1149,98;9610,17;94,13;108,82;50,9;23858;17237;1106;15720;411;6216;2182;4034;19069;96,4;104;0,00664;80,36;151,61;102,7;1487493
01.09.2012;436;0,501284344;92754,10209;172472,6971;214;588;2327;71,98542714;0,08271091;0,023289159;29845,11895;0,01160135;3505,69665;364,1093197;4797;11010660,39;2295,322158;2313182;482,2143006;0,76803259;3684,252334;40,98623119;736;196,48;331,58;1406,54;6946,61;1202,31;9235,18;94,51;109,51;51,3;24138;16990;901;15681;408;6806;2378;4428;25366;96,9;106,6;0,00533;82,6;154,27;101,9;1413201
01.10.2012;384;0,513117466;91057,27421;173549,1964;190;581;2313;92,74074074;0,085211968;0,03725235;30636,46571;0,009359863;2589,340895;19,02604131;4877;11663146,32;2391,459159;2517665;516,2323149;0,819250041;3995,482448;40,30307669;717;191,02;329,07;1440,9;7227,81;1206,69;9883,8;89,49;103,33;52,1;27518;20283;1142;18587;554;6891;2401;4490;24434;105,9;112,7;0,00438;79,56;150,65;101,1;1543049
01.11.2012;285;0,613208559;73307,97284;173615,7816;184;680;2041;71,79529617;0,087073523;0,176952261;27193,48835;0,012062304;1347,407471;-1671,064162;4847;11556215,71;2384,199651;2634092;543,4479059;0,8169;3959,5143;39,35676393;711;187,8;332,64;1412,2;7255,3;1201,51;10518,85;86,53;108,59;52,5;28212;21288;1255;19395;638;6347;2275;4072;24850;104,8;113,3;0,00387;78,93;149,9;101,7;1490232
01.12.2012;493;0,594775256;76006,69295;171423,856;161;563;2828;82,42751075;0,082442562;0,101328102;28278,68583;0,006242639;277,2003197;-2640,221137;4720;10806294,76;2289,469229;2754807;583,6455508;0,76165924;3595,031613;36,80618744;721;188,46;339,75;1416,34;7427,41;1357,53;10631,68;87,86;121,01;52;23224;17707;1174;16043;490;4813;1516;3297;15496;94,4;96,1;0,00342;75,88;146,27;102,2;1136012
01.01.2013;170;0,615763896;74559,47514;170975,3765;187;626;1028;89,90940632;0,091846298;0,145335057;29838,81923;0,02564143;3405,738514;151,6855272;4553;10286252,12;2259,225153;2048483,64;449,9195344;0,6923;3152,0419;39,92994746;730;194,33;355,1;1426,19;7689,46;1357,86;11566,51;94,76;123,05;51,3;19913;14687;1007;13253;427;4804;1479;3325;19743;103,8;96,2;0,00319;74,78;144,96;104,1;1347642
01.02.2013;310;0,512165204;85921,26531;170954,3434;182;629;1919;99,12997243;0,08015968;0,005854454;30826,81068;0,007471006;2316,835628;-1216,215246;4480;10307653,92;2300,815607;2144217,4;478,6199554;0,7253;3249,344;42,58078699;736;198,68;354,43;1498,11;7792,59;1268,86;12125,08;95,31;126,71;51,2;18220;13131;858;11881;392;4812;1585;3227;21021;102,3;97,1;0,0038;76,22;146,68;105,7;1275678
01.03.2013;461;0,503563176;93248,3261;172913,0722;201;645;2251;102,0701063;0,083759793;0,012435679;29864,49088;0,007059691;2474,018946;-1207,879535;4427;11140641,13;2516,521602;2062774,95;465,9532302;0,7759;3434,9093;39,22720247;720;190,62;360,06;1514,68;7735,35;1208,89;11369,68;92,94;137,3;52,7;25121;17795;1168;16098;529;6949;2069;4880;24014;110,3;106,2;0,00328;71,18;140,68;105,2;1365708
01.04.2013;441;0,517299094;89395,11983;171374,0716;213;714;2198;108,8369256;0,0857497;0,025577821;31448,26633;0,008453147;2441,47916;-1412,352997;4533;11084986,54;2445,397428;2316619,66;511,0566203;0,8035;3642,2655;38,34586466;710;184,44;369,42;1569,18;7795,31;1169,9;10813,8;92,02;139,05;52,6;27135;19090;1335;17273;482;7538;2181;5357;25375;106;109,2;0,00332;72,72;142,52;103,4;1478526
01.05.2013;378;0,508309661;90892,85163;173741,5221;163;670;2044;122,0863921;0,087279034;0,036168786;28977,08051;0,009090373;2620,478955;-699,4032985;4568;11905891,73;2606,368592;2334611,13;511,0794943;0,8031;3668,5608;41,00121254;702;184,52;367,19;1597,55;7913,71;1108,28;10837,13;94,51;147,13;53,3;24094;17329;1210;15635;484;6371;2001;4370;23212;100,5;101,9;0,00315;71,9;141,54;105;1398218
01.06.2013;316;0,540362332;89880,08727;176202,1552;121;505;2208;125,3218284;0,101124119;0,035172064;30604,39166;0,014651011;3060,076079;-600,9295842;4683;12074854,02;2578,444164;2232491,16;476,7224343;0,7955;3725,3265;39,46098819;686;184,85;355,81;1631,71;8291,49;1044,49;10545,85;95,77;147,32;52;27148;20259;1391;18400;468;6567;2256;4311;26161;111;108,1;0,00299;71,38;140,92;105,7;1423334
01.07.2013;314;0,536311035;90292,06245;185135,5397;193;634;2302;132,9873225;0,085178843;0,025336599;30490,48137;0,00710234;2999,387192;-1053,160694;4696;11643074,22;2479,359928;2392692,23;509,5170848;0,7713;3622,0248;39,00719856;679;192,26;372,49;1609,78;8000,02;1120,94;9402,05;104,67;162,24;52,4;27946;20197;1466;18133;598;7323;2420;4903;20857;108,3;110,7;0,0034;74,06;144,11;106;1553049
01.08.2013;313;0,532225696;89024,4334;173220,5097;195;627;2055;121,8545932;0,092347115;0,034805069;30724,50595;0,013053823;3807,61882;-822,7458533;4688;11189326,27;2386,801679;2290677,59;488,6257658;0,7389;3463,9632;42,99632353;691;196,77;363,98;1689,42;8320,38;1139,36;9725,36;106,57;164,42;52,6;21835;15547;1343;13799;405;5866;2051;3815;21898;96,4;101,1;0,0034;73,54;143,49;107,9;1430517
01.09.2013;383;0,519385021;91837,26665;173588,6344;170;604;2262;127,0394737;0,104532561;0,025723241;29849,52583;0,007184156;3562,105977;-227,061606;4787;12669010,06;2646,544821;2185604,47;456,5708105;0,7767;3718,0629;42,35165179;703;198,1;382,07;1635,95;8224,34;1225,91;9962,2;106,29;171,01;52,9;25154;17706;1181;16108;417;6974;2382;4592;25196;107,8;111,1;0,00344;75,3;145,58;108,5;1460229
01.10.2013;408;0,510403229;91574,83562;173491,3621;141;625;2717;121,6235988;0,08212252;0,026495391;30217,0059;0,008464676;3673,184432;-273,643392;4742;12555726,14;2647,770169;2503660,38;527,9756179;0,8359;3963,8378;41,09672506;714;192,95;397,11;1682,41;8618,59;1302,04;10396,63;100,54;180,2;54,4;28189;20686;1326;18742;618;6952;2323;4629;23137;109,8;114,2;0,00338;72,51;142,27;108,3;1544148
01.11.2013;418;0,519672134;88297,08077;172626,8588;203;610;2881;113,1506849;0,080440145;0,023511459;31359,69251;0,0098278;2228,835016;-2182,844443;4762;13203546,29;2772,689267;2566366,67;538,9262222;0,8576;4083,8912;37,96713683;710;188,91;402,05;1758,7;9032,29;1308,09;10650,51;93,86;191,78;54,5;31036;23308;1472;21152;684;7163;2265;4898;29256;109,5;113,8;0,00341;70,25;139,58;109,5;1454314
01.12.2013;608;0,519944211;85729,80324;170135,3471;285;746;4643;103,9322917;0,094267032;0,014913618;30157,69284;0,005421312;2869,878391;-1173,705349;4762;13394689,97;2812,828637;2840552,12;596,5040151;0,806;3838,172;35,78398003;716;194,31;408,55;1806,55;9412,95;1380,24;11484,94;97,63;196,37;53,9;29496;19195;1382;17078;735;9214;2945;6269;18448;102,3;101,8;0,00331;71,69;141,29;109,5;1192392
01.01.2014;246;0,532751349;93882,78673;184752,65;172;520;1259;103,5619518;0,094322567;0,048939252;33167,84898;0,026859619;5905,697481;1466,941481;5018;10422790,91;2077,080692;1968966,99;392,380827;0,7639;3833,2502;36,18134263;726;188,98;391,92;1845,86;9598,25;1254,55;10856,38;94,62;184,72;53;20516;15311;1109;13862;340;4830;1208;3622;25329;110,5;99,3;0,00387;68,4;137,37;110,8;1366699
01.02.2014;556;0,505173017;94119,93205;179763,2908;174;612;2057;92,20906433;0,055475076;0,027887383;32350,44281;0,005853287;5317,145784;907,1711928;5138;11412360,02;2221,167773;2346370,08;456,669926;0,8029;4125,3002;39,76098191;719;192,9;410,13;1782,68;9318,77;1259,09;9540,85;100,82;201,72;52,6;21795;14932;1058;13423;451;6481;1813;4668;23337;109,4;102,7;0,00387;68,81;137,86;110,9;1326989
01.03.2014;515;0,527291985;93322,46692;184573,0373;229;771;2283;91,51229105;0,089510513;0,03102536;31996,06008;0,01008232;5358,812827;1156,008444;5195;11544393,42;2222,2124;2187990,22;421,1723234;0,8085;4200,1575;41,43603133;713;190,84;411,02;1857,68;9553,08;1283,92;9761,87;100,8;198,51;52,7;27583;19072;1445;17119;508;8077;2080;5997;24855;113,9;111,4;0,00387;68,2;137,13;110,6;1461226
01.04.2014;468;0,51679349;94788,96222;187284,0346;216;681;1998;88,92387218;0,097946394;0,027460565;32007,99219;0,008547435;3492,079031;-1539,022511;5334;12569464,44;2356,480022;2575687,3;482,8810086;0,806;4299,204;44,93625555;713;192,16;414,09;1873,96;9601,96;1261,39;10121,01;102,07;193,64;52,5;26554;18530;1280;16767;483;7496;1930;5566;27804;109,9;107,3;0,00418;68,51;137,5;110,5;1443204
01.05.2014;328;0,509835269;96843,23175;200653,4769;234;690;2184;91,13871734;0,154568726;0,044826718;34786,8499;0,008724252;4155,330768;-115,4856522;5519;11983609,29;2171,33707;2134081,05;386,6789364;0,8071;4454,3849;42,89110088;720;193,36;421,53;1884,39;9611,79;1258,4;9757,09;102,18;202,67;52,8;27978;20256;1226;18532;498;7245;1896;5349;27494;105,2;105,9;0,00437;68,3;137,25;110;1420969
01.06.2014;394;0,527802768;93907,32142;188379,0174;210;636;2001;88,41221013;0,113048898;0,036299809;32739,29745;0,010736812;4895,986368;186,1160377;5645;13220480,29;2341,980565;2627364,42;465,4321382;0,7869;4442,0505;37,42210062;714;197,2;428,75;1923,87;9986,86;1305,81;10394,25;105,79;207,22;53;28903;21485;1486;19490;509;7050;1832;5218;28063;106,4;105,7;0,00394;68,92;137,99;109,5;1380098
01.07.2014;355;0,521609053;94657,75937;185317,2745;199;593;1884;85,19806153;0,09221528;0,038541857;33687,55519;0,012604892;5218,737268;531,6389376;5532;12382657,91;2238,369109;2326627,96;420,5762762;0,7582;4194,3624;38,59379797;711;190,8;423,04;1962,29;9853,74;1336,17;10365,19;103,59;197,96;54,2;28885;21442;1269;19592;581;7090;1989;5101;25655;115,8;114,1;0,00302;67,88;136,76;108,1;1551897
01.08.2014;381;0,512570706;98044,81092;186968,5412;233;608;1891;86,32781457;0,090711025;0,033062158;31890,53403;0,010356602;4628,803207;-223,0071875;5377;11914293,86;2215,788332;2322589,05;431,9488655;0,6907;3713,8939;42,74532264;704;182,94;431,55;1929,8;9379,74;1333,8;11028,33;96,54;203,52;53,2;23509;17647;1086;16087;474;5523;1616;3907;20743;93,9;95,8;0,00308;67,68;136,52;106,5;1352783
01.09.2014;368;0,538126202;92026,70828;186199,2373;284;749;2143;88,46809269;0,098373239;0,049243522;32927,63579;0,00841011;4912,896008;-1013,796368;5279;12835253,81;2431,379771;2271095,35;430,2131748;0,7179;3789,7941;39,89394885;696;175,77;416,85;2004,07;9484,53;1217,94;10927,04;93,21;179,85;53,6;27133;19840;1341;18021;478;6868;1860;5008;29240;110,3;115,4;0,00259;67,68;136,52;105,5;1515201
01.10.2014;403;0,504807644;99561,79099;185208,0538;362;828;2185;90,83145672;0,098340771;0,034275171;34122,38163;0,008621757;2841,123527;-3207,903309;5218;13405754,34;2569,136516;2435917,41;466,8297068;0,7431;3877,4958;35,3874228;672;159,7;419,45;1971,44;9454,04;1167,68;10230,73;84,4;196,3;53,1;30897;22953;1500;20760;693;7431;2090;5341;26320;112,9;115,7;0,00181;64,8;133,09;103,6;1533269
01.11.2014;420;0,521692894;96604,87263;188635,7133;259;762;1885;95,20136986;0,098490238;0,046751458;31772,52483;0,008141831;5252,473307;300,2753675;5290,916667;13968825,29;2640,152202;2699718,76;510,2553924;0,7601;4021,625758;39,57263541;659;145,33;425,82;2018,21;9305,73;1071,38;10790,62;75,79;205,09;52,5;28222;21349;1269;19368;712;6247;1928;4319;25247;107,9;112,4;0,00189;62,94;130,88;104,8;1419329
01.12.2014;621;0,519263217;95337,74833;188698,1526;348;931;2842;92,17089624;0,088193408;0,028379605;31038,83869;0,008912648;1960,541063;-3203,814264;5290,916667;14325043,45;2707,478562;2804641,11;530,0860487;0,7317;3871,363725;38,03069563;644;119,24;417,12;2065,78;9915,74;990,61;11022,6;59,29;200,45;52,2;27970;21848;1505;19728;615;5291;1501;3790;19435;108,7;104,9;0,00179;55,23;121,7;105,6;1248863
01.01.2015;119;0,582844978;86040,38459;194524,7588;305;734;653;102,4183835;0,085062927;0,100676269;33808,19819;0,056466436;3341,778896;-2220,293951;5469;3064624,67;560,3628945;1966547,9;359,5808923;0,6833;3736,9677;32,51928021;620;96,74;410,33;2058,9;9869,13;883,12;12035,48;47,22;192,46;51,7;21635;15562;1178;13999;385;5634;1205;4429;27071;108,1;96,6;0,00169;48,24;113,38;106,7;1313042
01.02.2015;222;0,523229281;99590,84727;191527,1321;377;867;1401;106,4316888;0,102075896;0,038817518;36755,1385;0,007037638;4102,100392;-2547,753645;5539,5;20342876,08;3672,33073;2060851,05;372,0283509;0,6906;3825,5787;34,01123378;592;108,3;432,47;1996,67;10719,18;948,91;11571,37;50,58;215,39;51,4;22006;16273;1065;14750;458;5410;1178;4232;26000;107,2;101,5;0,00134;51,93;117,78;106,9;1308956
01.03.2015;402;0,507914608;98687,07098;191345,3704;508;1179;2035;112,0451523;0,062818802;0,025325549;37723,90888;0,006172041;3792,918261;-2637,208609;5558,666667;12764687,96;2296,357872;2126502,46;382,5562113;0,7033;3909,410267;29,71698113;568;104,16;424,76;2105,23;11408,28;865,05;12361,71;47,82;214,78;52,1;31196;22603;1551;20533;519;8069;1888;6181;30193;121,6;116,6;0,0011;55,33;121,82;107,8;1534421
01.04.2015;329;0,519673872;96249,24863;191794,1703;361;872;1831;119,9408886;0,091438998;0,029939818;36709,02834;0,007541933;3990,661846;-1834,486548;5547,25;13713057,7;2472,046095;2220641,01;400,313851;0,7552;4189,2832;30,8830121;548;108,68;436,3;2067,63;11902,92;975,27;12404,28;54,45;216,67;52,6;28422;20724;1443;18759;522;7154;1691;5463;27932;111,4;108,1;0,00088;55,74;122,31;108,4;1429502
01.05.2015;296;0,521165971;94724,62297;189792,4556;197;696;1850;127,9469404;0,090768759;0,029007449;33364,36619;0,01159594;3595,194856;-1739,813764;5557,6;13905005,61;2501,980281;2096422,43;377,2172215;0,7715;4287,6884;33,23160938;554;116,25;434,51;2087,38;11506,84;907,56;14528,53;59,27;224,19;52,9;25428;18236;1320;16462;454;6765;1654;5111;24309;103,3;101,2;0,00064;58,21;125,25;108,6;1329403
01.06.2015;497;0,516248236;98386,46757;191198,4544;258;778;2689;127,1268331;0,087863591;0,026131091;34723,16461;0,005816647;4335,860501;-1909,239242;5582,166667;13886104,74;2487,583329;2327155,75;416,8911265;0,7581;4231,84055;36,74740484;544;113,96;423,51;2108,64;11462,97;835,55;14024,88;59,82;215,18;52,9;31619;23301;1532;21221;548;7866;2185;5681;29727;121;114,1;0,00049;56,05;122,68;107,7;1506133
01.07.2015;377;0,531615493;95318,3374;190871,2765;170;627;2304;121,9758732;0,101734638;0,029979195;34416,22715;0,011441336;4972,169219;-485,361244;5617;14395784,74;2562,895628;2364106,14;420,8841268;0,729;4094,793;37,90840348;542;102,76;426,78;2067;11050,32;739,78;12934,78;50,9;195,97;52,4;28895;20679;1427;18662;590;7790;2079;5711;22937;114,4;114,8;0,00049;53,99;120,23;108,2;1594764
01.08.2015;297;0,52106647;92258,65404;186807,1266;158;581;2056;120,1287455;0,082796297;0,027525921;35635,041;0,016868815;4535,977969;-1094,395146;5653;13280236,28;2349,236915;2354833,7;416,5635415;0,6934;3919,7902;42,46183206;529;89,06;396,73;2104,49;11295,5;694,35;11073,52;42,87;180,55;51,7;21471;15442;1223;13779;440;5593;1548;4045;19059;95,7;99;0,00049;49,46;114,84;108,4;1423074
01.09.2015;389;0,517281179;94221,30592;185694,2071;230;728;2553;122,1060411;0,089475065;0,016851729;35202,05576;0,007469772;5477,802582;-261,2596841;5679,666667;14792368,77;2604,443119;2379712,54;418,9880639;0,7288;4139,341067;39,07384988;519;89,26;381,65;1970,09;10073,74;588,86;9724,02;45,48;180,04;52,3;27300;19707;1168;18028;511;7224;2045;5179;31125;109,5;115,6;0,00039;48,54;113,74;108,6;1569061
01.10.2015;493;0,529777682;93010,91548;189704,2796;243;806;3037;123,3837134;0,078994433;0,026303085;33059,6952;0,007611189;4583,37361;-1821,068412;5704,1;15102186,66;2647,602016;2381047,64;417,4274013;0,778;4437,7898;37,80118658;497;89,75;411,25;1919,65;9757,04;645,59;9551,52;46,22;194,95;52,2;32972;23776;1459;21682;635;8675;2675;6000;32696;111,7;116,2;0,00027;48,03;113,13;108,2;1696079
01.11.2015;461;0,539045564;92487,85233;189554,6972;237;1032;2529;116,6109801;0,072718754;0,024204384;32448,97063;0,011418805;2597,254031;-3182,437355;5727,363636;15549045,32;2714,869582;3128691,28;546,2707589;0,7868;4506,289709;43,30322976;475;83,09;407,2;2080,76;10749,98;605,7;10265,26;42,44;200,66;51,9;32429;24844;1541;22693;610;6836;2000;4836;31496;112,9;116,2;0,00007;48,95;114,23;109,1;1641447
01.12.2015;893;0,547426149;91327,02142;192433,5763;272;1215;4155;112,9463744;0,074147375;0,014461476;28880,92974;0,005889413;1571,883465;-4364,325646;5772,75;15164940,59;2626,98724;3274238,97;567,1887697;0,7016;4050,1614;45,90648072;453;72,64;399,36;2082,93;11422,47;553,74;9913,71;37,19;185,94;52,2;30410;23051;1718;20709;624;6432;2353;4079;22681;107,9;105,7;-0,00045;41,96;105,91;108,7;1429245
01.01.2016;96;0,608576325;78704,7904;189791,3735;153;601;749;110,7095781;0,080376621;0,110593808;31604,1412;0,086268053;4831,69792;-88,86018303;6032;12976766,23;2151,320661;2071315,59;343,3878631;0,6409;3865,9088;35,77741408;458;60,61;375,02;2038,2;10485,81;497,67;9607,28;31,68;150,57;51,4;24131;17365;1302;15667;396;6308;1320;4988;24202;105,4;95,3;-0,00041;36,2;99,05;107,3;1398468
01.02.2016;328;0,542345198;93145,37354;189786,2197;211;808;1677;111,0270821;0,076703807;0,025414839;34698,19712;0,005798121;3876,037611;-1367,05422;5996;13115424,35;2187,3623;2662728,87;444,0842011;0,6689;4010,7244;35,86427012;462;62,07;371,66;1936,94;9823,73;548,35;8263,18;30,32;155,63;50,2;25565;18862;1206;17123;533;6291;1503;4788;28822;111,2;106,5;-0,00094;35,37;98,07;105,7;1543764
01.03.2016;468;0,551553904;92794,79379;194816,663;261;970;2107;114,7483699;0,07077589;0,022282974;30698,425;0,008749929;4352,053907;-643,1408866;6080;14991115,76;2465,644039;2606870,45;428,7615872;0,6985;4246,88;35,14006515;476;71,5;398,26;1937,09;9482,66;700,51;7996,25;37,55;172,07;52,3;32017;23332;1552;21184;596;8106;1849;6257;27792;121,1;113,8;-0,00135;38,67;101,99;106,7;1645709
01.04.2016;573;0,553522282;91831,86352;192641,358;203;907;2323;123,3294888;0,071399682;0,022571859;31341,07298;0,007692912;4653,188479;-1067,520165;6313;14599585,04;2312,622373;2494481,69;395,1341185;0,7072;4464,5536;38,07243708;;76,66;403,34;2056,62;9833,26;831,01;9031,01;40,76;178,84;52,2;31919;22612;1587;20444;581;8686;1948;6738;28587;114,2;112,6;-0,00131;38,57;101,87;106,6;1663136
01.05.2016;443;0,554226876;92357,88015;195472,0732;140;756;2256;130,8453776;0,075264825;0,024321026;32078,04471;0,010195937;3154,648095;-1490,795675;6345;15067670,9;2374,731426;2860026,96;450,75287;0,7056;4477,032;37,6501136;;85,01;402,57;2067,17;10091,17;696,39;8889,97;46,71;;52,3;28183;21040;1446;19064;530;6667;1563;5104;26259;107,1;104,7;;42,99;107,13;107,8;1547728
