Date;Navistar_Revenue;EBT;Fuel_Energy_Index;S&P_500;DAX_30;Crude_Oil_Prices;Diesel_Fuel_Consumption;Fuel_Ethanol_Production;Real_GDP;CBB_Truck_production;Motor_Vehicle_Retail_Sales_Heavy_Trucks_Seasonal_Adjusted;Industrial_Production_Durable_Goods_Heavy_duty_truck;Industrial_Production_Equipment_Light_trucks_business;Industrial_Production_Durable_Goods_Truck_trailer;US_Motor_Domestic&Foreign;Motor_Sales HWTrucks&light_weight;Motor_Vehicle_Retail_Sales HWTrucks;US Total Raw Steel Prod;Heavy_duty_trucks;FED_Light_Trucks;Motor_Vehicle_Retail_Sales_Light_Trucks_Seasonal_Adjusted;PACCAR_Close;Producer_Price_Index__Truck_Trailer_Manufacturing_Primary_Products;Producer_Price_Index_Farm_Products_Wheat;Producer_Price_Index_Farm_Products_Corn;Import_Total;Import_Wood_Index;Import_Foods_Feeds_Beverages;Import_Industrial_Supplies;Import_Automotive_Vehicles;Import_Consumer_Goods;Export_Total;Export_Foods_Feeds_Beverage;Export_Industrial_Suppliers;Export_Automotive_Vehicles;Export_Consumer_Goods;Trucks_sales_Brazil;World_Bank_Agri_Index;World_Bank_Beverages_Index;World_Bank_Fertilizer_Index;World_Bank_Grains_Grains;World_Bank_Metals&Minerals_Index;World_Bank_Timber_Index;Navistar_Revenue_1;EBT_1;Fuel_Energy_Index_1;S&P_500_1;DAX_30_1;Crude_Oil_Prices_1;Diesel_Fuel_Consumption_1;Fuel_Ethanol_Production_1;Real_GDP_1;CBB_Truck_production_1;Motor_Vehicle_Retail_Sales_Heavy_Trucks_Seasonal_Adjusted_1;Industrial_Production_Durable_Goods_Heavy_duty_truck_1;Industrial_Production_Equipment_Light_trucks_business_1;Industrial_Production_Durable_Goods_Truck_trailer_1;US_Motor_Domestic&Foreign_1;Motor_Sales HWTrucks&light_weight_1;Motor_Vehicle_Retail_Sales HWTrucks_1;US Total Raw Steel Prod_1;Heavy_duty_trucks_1;FED_Light_Trucks_1;Motor_Vehicle_Retail_Sales_Light_Trucks_Seasonal_Adjusted_1;PACCAR_Close_1;Producer_Price_Index__Truck_Trailer_Manufacturing_Primary_Products_1;Producer_Price_Index_Farm_Products_Wheat_1;Producer_Price_Index_Farm_Products_Corn_1;Import_Total_1;Import_Wood_Index_1;Import_Foods_Feeds_Beverages_1;Import_Industrial_Supplies_1;Import_Automotive_Vehicles_1;Import_Consumer_Goods_1;Export_Total_1;Export_Foods_Feeds_Beverage_1;Export_Industrial_Suppliers_1;Export_Automotive_Vehicles_1;Export_Consumer_Goods_1;Trucks_sales_Brazil_1;World_Bank_Agri_Index_1;World_Bank_Beverages_Index_1;World_Bank_Fertilizer_Index_1;World_Bank_Grains_Grains_1;World_Bank_Metals&Minerals_Index_1;World_Bank_Timber_Index_1
01.05.1993;1241;26;36,24;44,54;1665,27;20,20666667;2,46;0,08;9480,1;9515;24,57;88,62;63,34;88,66;2097,2;1307,8;0,85;0,8;261,06;190,03;5,3;5,3;131,17;96;87,83;48309;102,3;2352,67;12763;8978,67;10128;40429,67;3449,33;9699,67;4958;4664,67;2936,67;55,35;39,11;29,5;53,9;33,74;86,55;;;;;;;;;;;;;;;;;;;;;;;;;;;;;;;;;;;;;;;;;;;
01.08.1993;1126;-502;34,47;45,04;1710,9;18,97;2,21;0,07;9526,3;11976;25,5;76,05;52,48;85,17;2411,2;1499,6;0,92;0,79;237,03;157,45;5,37;5,12;131,87;90,9;89,1;49096,33;96,23;2247;12378,33;7787,67;12219;36988,33;3058;8944,33;3836,67;4460,33;3029,67;58,07;39,43;28,69;49,56;32,19;112,98;-115;-528;-1,77;0,5;45,63;-1,23666667;-0,25;-0,01;46,2;2461;0,93;-12,57;-10,86;-3,49;314;191,8;0,07;-0,01;-24,03;-32,58;0,07;-0,18;0,7;-5,1;1,27;787,33;-6,07;-105,67;-384,67;-1191;2091;-3441,34;-391,33;-755,34;-1121,33;-204,34;93;2,72;0,32;-0,81;-4,34;-1,55;26,43
01.11.1993;1218;31;32,65;46,45;1976,53;17,89333333;2,41;0,07;9653,5;14930;26,83;83;61,59;88,08;2118,4;1310,5;0,93;0,79;251,01;184,76;5,52;5,52;133,33;98,67;93,3;51949,67;98,17;2485,67;12284,33;9380,67;12774,67;39799,33;3511,33;9566,33;4647;4811;3392,33;58,87;45,63;28,59;52,83;30,99;109,79;92;533;-1,82;1,41;265,63;-1,07666667;0,2;0;127,2;2954;1,33;6,95;9,11;2,91;-292,8;-189,1;0,01;0;13,98;27,31;0,15;0,4;1,46;7,77;4,2;2853,34;1,94;238,67;-94;1593;555,67;2811;453,33;622;810,33;350,67;362,66;0,8;6,2;-0,1;3,27;-1,2;-3,19
01.02.1994;1139;24;29,27;47,05;2167,33;15,4;2,59;0,08;9748,2;12551;27,67;78,21;62,74;86,15;1934,8;1327,9;1,01;0,78;226,13;188,23;6,01;5,68;134,23;112,33;112,6;47295,67;107,27;2334,33;11431,67;8347,33;10228,33;38699,67;3434,67;8933,67;4158;4350,67;3556;60,73;47,05;31,37;65,92;30,54;99,35;-79;-7;-3,38;0,6;190,8;-2,49333333;0,18;0,01;94,7;-2379;0,84;-4,79;1,15;-1,93;-183,6;17,4;0,08;-0,01;-24,88;3,47;0,49;0,16;0,9;13,66;19,3;-4654;9,1;-151,34;-852,66;-1033,34;-2546,34;-1099,66;-76,66;-632,66;-489;-460,33;163,67;1,86;1,42;2,78;13,09;-0,45;-10,44
01.05.1994;1395;35;29,01;45,5;2156,9;15,27333333;2,56;0,08;9881,4;12843;27,43;87,86;80,83;112,57;2360,6;1536;0,99;0,81;263,43;242,5;5,9;5,37;134,43;106,43;113,37;53040,67;105,43;2562,67;13087,67;9927,33;10739,67;43313,67;3261,67;10407,67;5313,33;4963,33;3247;61,24;47,67;33,25;61,98;33,55;96,85;256;11;-0,26;-1,55;-10,43;-0,12666667;-0,03;0;133,2;292;-0,24;9,65;18,09;26,42;425,8;208,1;-0,02;0,03;37,3;54,27;-0,11;-0,31;0,2;-5,9;0,77;5745;-1,84;228,34;1656;1580;511,34;4614;-173;1474;1155,33;612,66;-309;0,51;0,62;1,88;-3,94;3,01;-2,5
01.08.1994;1254;32;34,01;45,4;2099,87;18,86666667;2,44;0,08;9939,7;17907;29,67;83,58;72,21;102,09;2399,1;1591,3;1,03;0,79;245,84;216,62;5,96;4,83;134,9;99,67;103,2;57083,33;103,33;2591,33;14486,67;9589;13255;42077,33;3147;10185;4383,33;5037,33;4135;64,63;71,5;35,06;54,51;37,63;106,73;-141;-3;5;-0,1;-57,03;3,59333334;-0,12;0;58,3;5064;2,24;-4,28;-8,62;-10,48;38,5;55,3;0,04;-0,02;-17,59;-25,88;0,06;-0,54;0,47;-6,76;-10,17;4042,66;-2,1;28,66;1399;-338,33;2515,33;-1236,34;-114,67;-222,67;-930;74;888;3,39;23,83;1,81;-7,47;4,08;9,88
01.11.1994;1549;67;33,01;47,1;2098,77;17,84333333;2,59;0,09;10052,5;17860;31,4;89,73;94,51;107,55;2262,1;1517,8;1,11;0,8;278,84;283,53;6,27;4,63;137,6;102,9;86,6;60728;102;2733,33;14174;10925,33;14146,67;44918;3949;10404,67;5118,33;5457;5724,67;67,1;86,47;38,2;56,64;40,71;102,2;295;35;-1;1,7;-1,1;-1,02333334;0,15;0,01;112,8;-47;1,73;6,15;22,3;5,46;-137;-73,5;0,08;0,01;33;66,91;0,31;-0,2;2,7;3,23;-16,6;3644,67;-1,33;142;-312,67;1336,33;891,67;2840,67;802;219,67;735;419,67;1589,67;2,47;14,97;3,14;2,13;3,08;-4,53
01.02.1995;1367;36;33,58;46,08;2058,73;17,75333333;2,52;0,1;10086,9;17584;34,17;79,5;87,49;104,71;1943,8;1413,3;1,22;0,84;231,38;262,46;6,04;4,25;143,3;107,9;87,57;56680,33;101,7;2712;14050,33;10302;11705;45215;4043;11321,33;5141,67;4913,67;4758,67;66,38;74,82;45,08;59,01;48,82;92,93;-182;-31;0,57;-1,02;-40,04;-0,09;-0,07;0,01;34,4;-276;2,77;-10,23;-7,02;-2,84;-318,3;-104,5;0,11;0,04;-47,46;-21,07;-0,23;-0,38;5,7;5;0,97;-4047,67;-0,3;-21,33;-123,67;-623,33;-2441,67;297;94;916,66;23,34;-543,33;-966;-0,72;-11,65;6,88;2,37;8,11;-9,27
01.05.1995;1640;74;35,83;50,24;2013,57;19,00333333;2,65;0,1;10122,1;19724;32,7;84,59;108,4;131,05;2131,6;1515,4;1,19;0,87;263,73;325,19;5,97;4,37;146,13;102,77;96,63;62191;98,17;2813,67;15837,67;11299;12296,33;50080,67;4037,67;12850,33;5723;5493,33;5412;67,28;75,49;48,24;60,49;47,18;89,4;273;38;2,25;4,16;-45,16;1,25;0,13;0;35,2;2140;-1,47;5,09;20,91;26,34;187,8;102,1;-0,03;0,03;32,35;62,73;-0,07;0,12;2,83;-5,13;9,06;5510,67;-3,53;101,67;1787,34;997;591,33;4865,67;-5,33;1529;581,33;579,66;653,33;0,9;0,67;3,16;1,48;-1,64;-3,53
01.08.1995;1514;63;35,16;54,73;2131,6;18,48333333;2,53;0,09;10208,8;21897;31,23;72,11;93,86;118,04;2397,8;1658,9;1,15;0,82;218,91;281,59;6,06;4,88;146,97;115,9;107,77;63465,33;96,27;2705;15550;9652,67;14583;47585;3996,33;12245,33;4472;5324;5467,33;67,3;70,82;43,34;68,15;46,84;90,94;-126;-11;-0,67;4,49;118,03;-0,52;-0,12;-0,01;86,7;2173;-1,47;-12,48;-14,54;-13,01;266,2;143,5;-0,04;-0,05;-44,82;-43,6;0,09;0,51;0,84;13,13;11,14;1274,33;-1,9;-108,67;-287,67;-1646,33;2286,67;-2495,67;-41,34;-605;-1251;-169,33;55,33;0,02;-4,67;-4,9;7,66;-0,34;1,54
01.11.1995;1821;89;33,86;57,73;2197,73;17,88666667;2,65;0,08;10281,2;16486;31,6;76,58;113,71;117,29;2217,6;1493,4;1,13;0,84;238,21;341,13;6,14;4,55;147,03;127,93;114,97;64794,67;99,6;2833,33;14999,33;10249,33;14729,33;50753,67;4650;12127;5318,33;5683,33;4469,33;67,11;66,03;47,75;75,82;46,55;85,47;307;26;-1,3;3;66,13;-0,59666666;0,12;-0,01;72,4;-5411;0,37;4,47;19,85;-0,75;-180,2;-165,5;-0,02;0,02;19,3;59,54;0,08;-0,33;0,06;12,03;7,2;1329,34;3,33;128,33;-550,67;596,66;146,33;3168,67;653,67;-118,33;846,33;359,33;-998;-0,19;-4,79;4,41;7,67;-0,29;-5,47
01.02.1996;1432;35;35,67;62,02;2322,27;18,63666667;2,55;0,09;10348,7;10918;31,53;71,87;99,2;110,32;1856,5;1480,3;1,13;0,86;202,5;297,6;6,62;4,34;147,13;138,13;133,83;60723;97;2730;15053,33;10117,33;12221,33;49910,67;4628,67;11957,33;5210,33;5321,33;3368;67,86;58,76;50,22;80,77;44,47;84,58;-389;-54;1,81;4,29;124,54;0,75;-0,1;0,01;67,5;-5568;-0,07;-4,71;-14,51;-6,97;-361,1;-13,1;0;0,02;-35,71;-43,53;0,48;-0,21;0,1;10,2;18,86;-4071,67;-2,6;-103,33;54;-132;-2508;-843;-21,33;-169,67;-108;-362;-1101,33;0,75;-7,27;2,47;4,95;-2,08;-0,89
01.05.1996;1480;42;38,7;64,65;2488,27;21,32;2,74;0,07;10529,4;13941;30,2;77,11;117,4;95,26;2234,3;1673,8;1,09;0,87;236,28;352,21;6,56;4,8;146,6;144,4;160,33;64961,67;98,13;3033,67;16878,67;11126,67;12696;53394,33;4703,33;12904,33;5672,67;5907,33;3744,67;69,94;60,06;48,46;90,28;42,85;87,06;48;7;3,03;2,63;166;2,68333333;0,19;-0,02;180,7;3023;-1,33;5,24;18,2;-15,06;377,8;193,5;-0,04;0,01;33,78;54,61;-0,06;0,46;-0,53;6,27;26,5;4238,67;1,13;303,67;1825,34;1009,34;474,67;3483,66;74,66;947;462,34;586;376,67;2,08;1,3;-1,76;9,51;-1,62;2,48
01.08.1996;1391;28;38,11;66,03;2525,87;20,97333333;2,67;0,04;10626,8;11038;31,23;69,39;101,42;90,23;2384;1759;1,14;0,85;215,01;304,27;6,47;4,74;145,47;156,7;202,9;66634,33;104,47;2899;17189,33;10406;15248;50331,33;4339;11986,33;4886,67;5704,33;3480,67;71,31;61,94;48,06;94,38;40,07;89,3;-89;-14;-0,59;1,38;37,6;-0,34666667;-0,07;-0,03;97,4;-2903;1,03;-7,72;-15,98;-5,03;149,7;85,2;0,05;-0,02;-21,27;-47,94;-0,09;-0,06;-1,13;12,3;42,57;1672,66;6,34;-134,67;310,66;-720,67;2552;-3063;-364,33;-918;-786;-203;-264;1,37;1,88;-0,4;4,1;-2,78;2,24
01.11.1996;1451;0;42,64;68,27;2618,33;23,61666667;2,81;0,06;10739,1;12798;27,93;66,58;118,42;94,27;2110;1663,8;1,04;0,84;204,23;355,26;6,88;5,14;144,9;122,57;152,07;70147,67;110,2;3065,67;17716,33;11219,33;16440;53907;4843;12246,67;5803;6272,67;3822,67;67,58;59,92;47,7;76,85;36,95;89,63;60;-28;4,53;2,24;92,46;2,64333334;0,14;0,02;112,3;1760;-3,3;-2,81;17;4,04;-274;-95,2;-0,1;-0,01;-10,78;50,99;0,41;0,4;-0,57;-34,13;-50,83;3513,34;5,73;166,67;527;813,33;1192;3575,67;504;260,34;916,33;568,34;342;-3,73;-2,02;-0,36;-17,53;-3,12;0,33
01.02.1997;1296;24;45,03;76,09;2923,13;24,71666667;2,69;0,08;10820,9;10865;28,87;63,82;106,88;85,18;1794,5;1542,8;1;0,84;181,51;320,64;6,67;6,59;145,07;115,33;107,13;66644,33;109,6;3052,67;17914;11053;13689,67;52346,33;4448,33;12228,33;5617,33;5773,67;3635,33;65,76;58,16;47,01;68,51;39,91;87,36;-155;24;2,39;7,82;304,8;1,1;-0,12;0,02;81,8;-1933;0,94;-2,76;-11,54;-9,09;-315,5;-121;-0,04;0;-22,72;-34,62;-0,21;1,45;0,17;-7,24;-44,94;-3503,34;-0,6;-13;197,67;-166,33;-2750,33;-1560,67;-394,67;-18,34;-185,67;-499;-187,34;-1,82;-1,76;-0,69;-8,34;2,96;-2,27
01.05.1997;1551;49;38,37;78,21;3375,6;20,96;2,77;0,08;10984,2;13094;30,73;70,31;129,56;92,12;2101,6;1718,9;1,09;0,89;215,96;388,67;6,81;6,67;145,17;115,77;115,97;71068,33;112,03;3376,33;18120,33;12117,67;14402;59373;4136,33;13849,67;6585;6610,67;4428;69,62;72,68;42,47;69,79;42;88,17;255;25;-6,66;2,12;452,47;-3,75666667;0,08;0;163,3;2229;1,86;6,49;22,68;6,94;307,1;176,1;0,09;0,05;34,45;68,03;0,14;0,08;0,1;0,44;8,84;4424;2,43;323,66;206,33;1064,67;712,33;7026,67;-312;1621,34;967,67;837;792,67;3,86;14,52;-4,54;1,28;2,09;0,81
01.08.1997;1586;56;37,1;89,59;3911,7;19,87666667;2,78;0,09;11124;16397;30,6;66,37;106,9;104,31;2237,7;1833;1,09;0,86;197,72;320,69;6,82;9,32;145,27;108;110,37;73105,67;110,77;3266,33;17693;11006;17205;56540;3805,67;13361,67;5677,67;6446,33;4644,67;67,82;84,48;38,32;64,04;42,72;87,7;35;7;-1,27;11,38;536,1;-1,08333333;0,01;0,01;139,8;3303;-0,13;-3,94;-22,66;12,19;136,1;114,1;0;-0,03;-18,24;-67,98;0,01;2,65;0,1;-7,77;-5,6;2037,34;-1,26;-110;-427,33;-1111,67;2803;-2833;-330,66;-488;-907,33;-164,34;216,67;-1,8;11,8;-4,15;-5,75;0,72;-0,47
01.11.1997;1714;113;38,12;92,27;3942,8;20,31333333;2,86;0,08;11210,3;20348;32,9;74,38;138,21;118,18;2059;1712,2;1,16;0,88;222,85;414,62;7,07;9,79;144,9;103,27;106,7;76716,67;107,4;3404,67;17951,33;11876;18508,67;59345,33;4759,67;13040,33;6629,67;6824,67;5581,33;63,74;76,59;35,2;61,54;41,34;73,06;128;57;1,02;2,68;31,1;0,43666666;0,08;-0,01;86,3;3951;2,3;8,01;31,31;13,87;-178,7;-120,8;0,07;0,02;25,13;93,93;0,25;0,47;-0,37;-4,73;-3,67;3611;-3,37;138,34;258,33;870;1303,67;2805,33;954;-321,34;952;378,34;936,66;-4,08;-7,89;-3,12;-2,5;-1,38;-14,64
01.02.1998;1727;61;34,32;97;4212,97;18,36666667;2,8;0,1;11321,2;15071;33,23;66,48;129,56;110,79;1733,3;1654,1;1,21;0,9;191,68;388,69;7,12;10,43;147,43;99,2;106,97;71095,67;103,57;3388,33;16669,67;11622,67;15582;56690;4350;12755,33;6029;6154;3743,33;61,82;76,03;35,52;60,52;37,25;59,6;13;-52;-3,8;4,73;270,17;-1,94666666;-0,06;0,02;110,9;-5277;0,33;-7,9;-8,65;-7,39;-325,7;-58,1;0,05;0,02;-31,17;-25,93;0,05;0,64;2,53;-4,07;0,27;-5621;-3,83;-16,34;-1281,66;-253,33;-2926,67;-2655,33;-409,67;-285;-600,67;-670,67;-1838;-1,92;-0,56;0,32;-1,02;-4,09;-13,46
01.05.1998;2042;108;28,2;108,8;4966,21;15,49666667;2,89;0,09;11431;16058;33,7;84,61;153,69;122,75;2038,2;1827,7;1,2;0,96;245,06;461,08;7,52;12,02;150;95,3;104,77;75946;100,8;3488;17459;12948;16591,67;58548;3780,67;12928,67;6814;6811;4545;60,91;74,2;36,04;60,7;35,58;61,24;315;47;-6,12;11,8;753,24;-2,87;0,09;-0,01;109,8;987;0,47;18,13;24,13;11,96;304,9;173,6;-0,01;0,06;53,38;72,39;0,4;1,59;2,57;-3,9;-2,2;4850,33;-2,77;99,67;789,33;1325,33;1009,67;1858;-569,33;173,34;785;657;801,67;-0,91;-1,83;0,52;0,18;-1,67;1,64
01.08.1998;1874;81;27,03;111,37;5780,15;14,24333333;2,91;0,08;11580,6;19623;34,53;83,66;103,2;117,07;2233,7;2074,2;1,21;0,89;241,61;309,6;7,25;10,04;150,93;86,9;92,97;76423;97,17;3422;17007,67;10880,33;19600;53997;3524,33;11968;4918;6716,33;4784;57,36;66,04;35,38;58,67;33,59;52,78;-168;-27;-1,17;2,57;813,94;-1,25333334;0,02;-0,01;149,6;3565;0,83;-0,95;-50,49;-5,68;195,5;246,5;0,01;-0,07;-3,45;-151,48;-0,27;-1,98;0,93;-8,4;-11,8;477;-3,63;-66;-451,33;-2067,67;3008,33;-4551;-256,34;-960,67;-1896;-94,67;239;-3,55;-8,16;-0,66;-2,03;-1,99;-8,46
01.11.1998;1986;160;26,77;102,58;4659,84;14,26666667;2,96;0,09;11770,7;17186;38,63;102,27;134,9;122,55;2058,3;1817,2;1,34;0,86;306,24;404,69;7,75;8,3;150,43;79,07;77,73;80055,33;98,8;3441;16305,67;13432;20277;58445;3968,67;12187,67;6363;7013,67;4291,33;55,08;62,18;34,15;53,75;32,81;56,91;112;79;-0,26;-8,79;-1120,31;0,02333334;0,05;0,01;190,1;-2437;4,1;18,61;31,7;5,48;-175,4;-257;0,13;-0,03;64,63;95,09;0,5;-1,74;-0,5;-7,83;-15,24;3632,33;1,63;19;-702;2551,67;677;4448;444,34;219,67;1445;297,34;-492,67;-2,28;-3,86;-1,23;-4,92;-0,78;4,13
01.02.1999;1924;99;23,36;122,36;5061,68;12,20333333;2,75;0,1;11864,7;10690;41,53;94,55;111,55;113,82;1775,7;1791,6;1,45;0,79;273,98;334,64;8,02;8,59;150,8;87,5;83,8;73874;98,63;3438,67;14707,33;13651,33;16983;54825,67;3761;11166,67;5897,33;6220,67;3359,67;55,62;59,99;32,09;54,99;31,14;61,81;-62;-61;-3,41;19,78;401,84;-2,06333334;-0,21;0,01;94;-6496;2,9;-7,72;-23,35;-8,73;-282,6;-25,6;0,11;-0,07;-32,26;-70,05;0,27;0,29;0,37;8,43;6,07;-6181,33;-0,17;-2,33;-1598,34;219,33;-3294;-3619,33;-207,67;-1021;-465,67;-793;-931,66;0,54;-2,19;-2,06;1,24;-1,67;4,9
01.05.1999;2287;154;26,24;128,4;5063,04;14,52666667;2,89;0,1;11962,5;13285;42,03;110,54;122,42;125,9;2183,5;2040;1,54;0,85;328,49;367,27;8,05;9,17;151;80,4;84,13;81672,33;104,3;3659,67;17466,33;15090,33;18012,67;58220,33;3663;12043,33;6800;6795,33;3463,33;51,53;53,69;32,34;51,63;30,45;64,53;363;55;2,88;6,04;1,36;2,32333334;0,14;0;97,8;2595;0,5;15,99;10,87;12,08;407,8;248,4;0,09;0,06;54,51;32,63;0,03;0,58;0,2;-7,1;0,33;7798,33;5,67;221;2759;1439;1029,67;3394,66;-98;876,66;902,67;574,66;103,66;-4,09;-6,3;0,25;-3,36;-0,69;2,72
01.08.1999;1874;125;32,79;133,32;5183,41;18,45333333;2,97;0,08;12113,1;14320;42,9;100,86;94,42;126,99;2418;2260,4;1,53;0,85;305,49;283,27;8,28;11,02;151,57;77,6;78,17;88134,67;112,47;3630;19296,67;14476,67;21716,33;56087,33;3695;11969,67;5696,33;6560,33;3604;49,69;51,67;31,72;49,56;32,83;70,03;-413;-29;6,55;4,92;120,37;3,92666666;0,08;-0,02;150,6;1035;0,87;-9,68;-28;1,09;234,5;220,4;-0,01;0;-23;-84;0,23;1,85;0,57;-2,8;-5,96;6462,34;8,17;-29,67;1830,34;-613,66;3703,66;-2133;32;-73,66;-1103,67;-235;140,67;-1,84;-2,02;-0,62;-2,07;2,38;5,5
01.11.1999;2557;213;40,57;132,6;5315,33;22,54333333;3,07;0,1;12323,3;14082;45,53;109,58;108,75;128,15;2185,4;2044,5;1,61;0,89;336,13;326,24;8,39;10,1;152,6;79,17;73,53;92761,67;111,13;3714;20421,67;15701;22966,33;61117,33;4219;13406;6582,33;7191,33;3911,67;49,99;47,95;31,45;47,34;35,99;74,53;683;88;7,78;-0,72;131,92;4,09;0,1;0,02;210,2;-238;2,63;8,72;14,33;1,16;-232,6;-215,9;0,08;0,04;30,64;42,97;0,11;-0,92;1,03;1,57;-4,64;4627;-1,34;84;1125;1224,33;1250;5030;524;1436,33;886;631;307,67;0,3;-3,72;-0,27;-2,22;3,16;4,5
01.02.2000;2166;113;46,22;141,91;6563,26;26,10666667;3,02;0,11;12359,1;12513;43,67;102,04;94,49;117,41;1924;1952;1,6;0,94;290,83;283,46;8,98;8,38;153,6;77,57;74,9;90057,33;106,2;3642,33;21538,67;15873,67;19789;60888,67;3892;13456;6454;6883;3507,33;50,1;51,16;31,58;47,58;38,16;74,74;-391;-100;5,65;9,31;1247,93;3,56333334;-0,05;0,01;35,8;-1569;-1,86;-7,54;-14,26;-10,74;-261,4;-92,5;-0,01;0,05;-45,3;-42,78;0,59;-1,72;1;-1,6;1,37;-2704,34;-4,93;-71,67;1117;172,67;-3177,33;-228,66;-327;50;-128,33;-308,33;-404,34;0,11;3,21;0,13;0,24;2,17;0,21
01.05.2000;2388;158;49,11;144,3;7552,87;28,30333333;3;0,11;12592,5;16557;41,47;109,77;120,06;127,85;2363,8;2294,9;1,54;0,97;341,43;360,19;8,66;9,28;154,3;79,5;84,73;99817,33;107,87;3899,33;24661;17237,33;21708,33;65641;3896,67;14568;7423;7515;4371,67;50,22;45,39;33,6;48,68;38,53;73,73;222;45;2,89;2,39;989,61;2,19666666;-0,02;0;233,4;4044;-2,2;7,73;25,57;10,44;439,8;342,9;-0,06;0,03;50,6;76,73;-0,32;0,9;0,7;1,93;9,83;9760;1,67;257;3122,33;1363,66;1919,33;4752,33;4,67;1112;969;632;864,34;0,12;-5,77;2,02;1,1;0,37;-1,01
01.08.2000;1924;122;53,53;143,7;7060,83;30,20333333;3,09;0,1;12607,7;19849;39,57;83,99;106,01;117,81;2401,6;2264;1,46;0,95;276,87;318,03;8,36;8,32;155,1;80,2;76,37;104893;101,4;3865,67;26052,67;15734,33;25134,67;65428,67;3865,33;14315,67;6189,33;7591,33;5129;49,1;44,65;37,05;45,19;37,71;72,27;-464;-36;4,42;-0,6;-492,04;1,9;0,09;-0,01;15,2;3292;-1,9;-25,78;-14,05;-10,04;37,8;-30,9;-0,08;-0,02;-64,56;-42,16;-0,3;-0,96;0,8;0,7;-8,36;5075,67;-6,47;-33,66;1391,67;-1503;3426,34;-212,33;-31,34;-252,33;-1233,67;76,33;757,33;-1,12;-0,74;3,45;-3,49;-0,82;-1,46
01.11.2000;1973;-169;58,67;146,31;7040,12;32,75;3,24;0,1;12679,3;21840;32,8;72,32;127,88;114,61;2198;2150;1,25;0,88;224,33;383,65;8,61;8,02;156,6;78,67;66,37;108854;93,6;3963;25864,67;16845,33;26901;68213,33;4318,67;15113,67;6827,33;7783,33;5525,33;47,61;40,77;38,1;44,12;38,53;66,79;49;-291;5,14;2,61;-20,71;2,54666667;0,15;0;71,6;1991;-6,77;-11,67;21,87;-3,2;-203,6;-114;-0,21;-0,07;-52,54;65,62;0,25;-0,3;1,5;-1,53;-10;3961;-7,8;97,33;-188;1111;1766,33;2784,66;453,34;798;638;192;396,33;-1,49;-3,88;1,05;-1,07;0,82;-5,48
01.02.2001;1516;-56;55,04;133,5;6533,69;30,76333333;3,11;0,11;12643,3;15607;32,93;60,01;99,19;81,3;1784,4;1856,1;1,17;0,8;186,67;297,58;8,32;9,71;155,57;86,8;80,33;97320;91,13;3692;25534;15031;21585;63371,67;4024;13810;5797,33;7176;5165,67;47,87;38,25;35,85;48,66;37,64;60,97;-457;113;-3,63;-12,81;-506,43;-1,98666667;-0,13;0,01;-36;-6233;0,13;-12,31;-28,69;-33,31;-413,6;-293,9;-0,08;-0,08;-37,66;-86,07;-0,29;1,69;-1,03;8,13;13,96;-11534;-2,47;-271;-330,67;-1814,33;-5316;-4841,66;-294,67;-1303,67;-1030;-607,33;-359,66;0,26;-2,52;-2,25;4,54;-0,89;-5,82
01.05.2001;1804;5;51,46;122,43;6100,9;28,06;3,25;0,11;12710,3;20465;30,33;64,42;122,93;81,71;2163,6;2129,4;1,11;0,87;193,52;368,8;8,34;9,22;154,8;85,8;79,13;98802;90,8;3797;24938;16608,67;22826,67;65768;4120,33;14550,67;6880;8001;5259,33;46,8;37,95;34,12;47,12;36,69;59,21;288;61;-3,58;-11,07;-432,79;-2,70333333;0,14;0;67;4858;-2,6;4,41;23,74;0,41;379,2;273,3;-0,06;0,07;6,85;71,22;0,02;-0,49;-0,77;-1;-1,2;1482;-0,33;105;-596;1577,67;1241,67;2396,33;96,33;740,67;1082,67;825;93,66;-1,07;-0,3;-1,73;-1,54;-0,95;-1,76
01.08.2001;1586;-7;51,76;123,3;6014,28;27,53666667;3,2;0,11;12670,1;22185;28,7;57,39;110,44;82,7;2273,8;2292,5;1,07;0,84;176;331,32;8,44;10,44;154,83;86,97;75,3;95672;106,27;3947,33;22893,33;15461;25061;59351,67;3867,33;13158;5993;7205;5491,33;47,43;36,96;32,1;46,07;35,14;56,51;-218;-12;0,3;0,87;-86,62;-0,52333333;-0,05;0;-40,2;1720;-1,63;-7,03;-12,49;0,99;110,2;163,1;-0,04;-0,03;-17,52;-37,48;0,1;1,22;0,03;1,17;-3,83;-3130;15,47;150,33;-2044,67;-1147,67;2234,33;-6416,33;-253;-1392,67;-887;-796;232;0,63;-0,99;-2,02;-1,05;-1,55;-2,7
01.11.2001;1833;25;46,62;108,13;4685,15;25,07333333;3,32;0,12;12705,3;19599;26,67;52,06;118,8;79,83;2162,3;2297,7;0,99;0,81;170,39;356,41;9,68;10,37;154,9;82,47;79,87;94122;102,6;4096;20594,33;16200,67;25792;57944,33;4422,33;12482,67;6623;7192;5518,33;46,81;35,19;33,07;46,47;31,7;55,98;247;32;-5,14;-15,17;-1329,13;-2,46333334;0,12;0,01;35,2;-2586;-2,03;-5,33;8,36;-2,87;-111,5;5,2;-0,08;-0,03;-5,61;25,09;1,24;-0,07;0,07;-4,5;4,57;-1550;-3,67;148,67;-2299;739,67;731;-1407,34;555;-675,33;630;-13;27;-0,62;-1,77;0,97;0,4;-3,44;-0,53
01.02.2002;1382;-87;37,31;113,84;5085,87;19,53;3,06;0,13;12822,3;14444;25,5;50,74;100,73;48,28;1686,7;2057;0,93;0,72;135,77;302,2;8,78;12,72;154,17;86,13;79,6;83429;91,93;3736;17982,67;15112,33;21028;53577;4177,67;11875,67;5667,33;6529,67;4851,33;46,08;38,07;34,8;47,64;32,17;53,78;-451;-112;-9,31;5,71;400,72;-5,54333333;-0,26;0,01;117;-5155;-1,17;-1,32;-18,07;-31,55;-475,6;-240,7;-0,06;-0,09;-34,62;-54,21;-0,9;2,35;-0,73;3,66;-0,27;-10693;-10,67;-360;-2611,66;-1088,34;-4764;-4367,33;-244,66;-607;-955,67;-662,33;-667;-0,73;2,88;1,73;1,17;0,47;-2,2
01.05.2002;1672;-5;43,98;111,18;5159,19;23,78;3,14;0,13;12893;18603;26,93;72,71;109,42;56,75;2070,8;2192,7;0,93;0,81;203,1;328,26;8,55;14,29;153,7;83,37;79,1;95318,33;99,7;4080,33;22216,33;17576,33;23429,67;59586;3882;13341,33;7274,33;7169,67;4645,33;47,06;41,99;33,07;47,63;33,55;56,35;290;82;6,67;-2,66;73,32;4,25;0,08;0;70,7;4159;1,43;21,97;8,69;8,47;384,1;135,7;0;0,09;67,33;26,06;-0,23;1,57;-0,47;-2,76;-0,5;11889,33;7,77;344,33;4233,66;2464;2401,67;6009;-295,67;1465,66;1607;640;-206;0,98;3,92;-1,73;-0,01;1,38;2,57
01.08.2002;1591;-39;47,82;99,11;4300,33;26,49;3,24;0,13;12955,8;17989;27,33;78,48;90,63;72,79;2243,9;2323,8;0,98;0,83;230,05;271,9;9,13;12,56;154,03;87,77;84;99721,33;100,57;4187;23208;16563;27557;58147,67;3952,67;13283,67;6309,33;7089;5041;49,86;43,67;33,09;50,71;33,39;61,19;-81;-34;3,84;-12,07;-858,86;2,71;0,1;0;62,8;-614;0,4;5,77;-18,79;16,04;173,1;131,1;0,05;0,02;26,95;-56,36;0,58;-1,73;0,33;4,4;4,9;4403;0,87;106,67;991,67;-1013,33;4127,33;-1438,33;70,67;-57,66;-965;-80,67;395,67;2,8;1,68;0,02;3,08;-0,16;4,84
01.11.2002;2376;-641;51,26;87,36;3211,61;28,96333333;3,3;0,15;12964;16790;28,07;73,44;111,25;90,28;2019,7;2210,9;1,02;0,88;242,66;333,74;8,38;11,2;154,4;119;105,7;102748;98,43;4290;23749,33;17904,67;28703;59641;4428,67;13389,33;6912,67;7388;4806;53,42;49,11;33,46;59,1;31,98;66,2;785;-602;3,44;-11,75;-1088,72;2,47333333;0,06;0,02;8,2;-1199;0,74;-5,04;20,62;17,49;-224,2;-112,9;0,04;0,05;12,61;61,84;-0,75;-1,36;0,37;31,23;21,7;3026,67;-2,14;103;541,33;1341,67;1146;1493,33;476;105,66;603,34;299;-235;3,56;5,44;0,37;8,39;-1,41;5,01
01.02.2003;1481;-155;52,57;89,42;2986,93;29,65;3,19;0,17;13031,2;16635;24,2;55,02;107,09;77,76;1726,3;2007,8;0,91;0,82;161,43;321,28;8,75;13,69;154,3;104,97;92,4;96687,67;94,47;4349,33;24152,67;16417,67;24809,33;55340;4449,67;13423;6007,67;6663,67;4886,67;53,91;49,79;34,55;56,57;34,05;65,71;-895;486;1,31;2,06;-224,68;0,68666667;-0,11;0,02;67,2;-155;-3,87;-18,42;-4,16;-12,52;-293,4;-203,1;-0,11;-0,06;-81,23;-12,46;0,37;2,49;-0,1;-14,03;-13,3;-6060,33;-3,96;59,33;403,34;-1487;-3893,67;-4301;21;33,67;-905;-724,33;80,67;0,49;0,68;1,09;-2,53;2,07;-0,49
01.05.2003;1864;-18;56,32;87,18;2637,65;32,40333333;3,32;0,17;13152,1;20018;25,2;67,21;136,06;85,67;1910,8;2163;0,9;0,87;197,82;408,18;8,85;15,47;155,33;97,57;96,17;103926,33;95,2;4657;26899;18231;26026,33;60889,67;4172;14803,33;7503;7456,67;4687,33;53,81;49,38;38,57;54,28;34,86;65,65;383;137;3,75;-2,24;-349,28;2,75333333;0,13;0;120,9;3383;1;12,19;28,97;7,91;184,5;155,2;-0,01;0,05;36,39;86,9;0,1;1,78;1,03;-7,4;3,77;7238,66;0,73;307,67;2746,33;1813,33;1217;5549,67;-277,67;1380,33;1495,33;793;-199,34;-0,1;-0,41;4,02;-2,29;0,81;-0,06
01.08.2003;1894;32;52,83;97,99;3230,37;29,86333333;3,24;0,18;13372,4;18741;27,57;65,34;107,95;78,54;2080,3;2476,6;0,97;0,82;195,38;323,86;9,46;20,84;155,77;95,5;94,97;104632;98,63;4517,33;26644,67;16539,67;28456,33;59083,67;4153,33;14383,33;6086;7493,67;5158,33;52,35;44,39;39,63;52,94;35,68;65,24;30;50;-3,49;10,81;592,72;-2,54;-0,08;0,01;220,3;-1277;2,37;-1,87;-28,11;-7,13;169,5;313,6;0,07;-0,05;-2,44;-84,32;0,61;5,37;0,44;-2,07;-1,2;705,67;3,43;-139,67;-254,33;-1691,33;2430;-1806;-18,67;-420;-1417;37;471;-1,46;-4,99;1,06;-1,34;0,82;-0,41
01.11.2003;2456;-192;54,55;102,23;3465,78;30,06;3,36;0,19;13528,7;20332;29,73;74,73;138,13;78,39;1894,2;2338,6;1,03;0,8;222,22;414,39;9,25;23,59;155,87;95,6;90,1;110515,33;113,1;4899;25875,67;18452;31255,67;63706,67;5288;14471,33;7121,67;8032,67;5445,33;54,62;44,15;42,18;53,6;37,51;65,49;562;-224;1,72;4,24;235,41;0,19666667;0,12;0,01;156,3;1591;2,16;9,39;30,18;-0,15;-186,1;-138;0,06;-0,02;26,84;90,53;-0,21;2,75;0,1;0,1;-4,87;5883,33;14,47;381,67;-769;1912,33;2799,34;4623;1134,67;88;1035,67;539;287;2,27;-0,24;2,55;0,66;1,83;0,25
01.02.2004;1886;-25;58,05;110,4;3923,24;32,48333333;3,24;0,2;13606,5;19889;32,63;71,38;129,66;74,66;1621,7;2188,2;1,15;0,75;202,27;388,99;9,3;24,1;156,63;109,57;98,13;106037,33;113,03;4825,33;27590,33;17479,33;26585;61667;4885,33;15013,33;6299,67;7477;5700,33;58,9;44,88;44,18;57,88;43;65,36;-570;167;3,5;8,17;457,46;2,42333333;-0,12;0,01;77,8;-443;2,9;-3,35;-8,47;-3,73;-272,5;-150,4;0,12;-0,05;-19,95;-25,4;0,05;0,51;0,76;13,97;8,03;-4478;-0,07;-73,67;1714,66;-972,67;-4670,67;-2039,67;-402,67;542;-822;-555,67;255;4,28;0,73;2;4,28;5,49;-0,13
01.05.2004;2353;77;63,44;113,03;3953,36;36,06;3,48;0,21;13706,2;25386;33,97;84,06;153,32;94,14;1905,2;2291,4;1,2;0,89;249,51;459,97;9,42;24,88;160,97;108,2;115,67;120192,33;126,03;5234,33;32631,67;20157;29803,33;70247,33;4643,67;17489,67;8060;8802;6539,67;62,76;45,86;41,26;63,47;49,14;66,41;467;102;5,39;2,63;30,12;3,57666667;0,24;0,01;99,7;5497;1,34;12,68;23,66;19,48;283,5;103,2;0,05;0,14;47,24;70,98;0,12;0,78;4,34;-1,37;17,54;14155;13;409;5041,34;2677,67;3218,33;8580,33;-241,66;2476,34;1760,33;1325;839,34;3,86;0,98;-2,92;5,59;6,14;1,05
01.08.2004;2349;82;71,6;112,74;3956,58;39,71333333;3,46;0,22;13830,8;27941;35,43;90,25;130;97,82;2089,9;2531,9;1,25;0,89;261,66;389,99;9,16;25,74;165,83;107,1;108,23;126032,33;129,5;5180;36444;18315,33;32314,33;66484;4159,33;16848,33;6999,33;8509,67;6945,67;60,73;46,36;47,11;60,57;47,87;69,82;-4;5;8,16;-0,29;3,22;3,65333333;-0,02;0,01;124,6;2555;1,46;6,19;-23,32;3,68;184,7;240,5;0,05;0;12,15;-69,98;-0,26;0,86;4,86;-1,1;-7,44;5840;3,47;-54,33;3812,33;-1841,67;2511;-3763,33;-484,34;-641,34;-1060,67;-292,33;406;-2,03;0,5;5,85;-2,9;-1,27;3,41
01.11.2004;3090;-178;82,07;112,02;3879,45;48,03333333;3,58;0,23;13950,4;29303;37,83;102,47;154,98;104,27;1826,2;2365,3;1,35;0,92;304,94;464,94;9,64;29,42;167,53;100,47;83;131852,33;129,93;5286,67;37638,33;19865,33;34614,33;70508,67;5202;17564;8074;9128,67;7213,33;58,16;47,93;56,37;55,14;49,9;70,58;741;-260;10,47;-0,72;-77,13;8,32;0,12;0,01;119,6;1362;2,4;12,22;24,98;6,45;-263,7;-166,6;0,1;0,03;43,28;74,95;0,48;3,68;1,7;-6,63;-25,23;5820;0,43;106,67;1194,33;1550;2300;4024,67;1042,67;715,67;1074,67;619;267,66;-2,57;1,57;9,26;-5,43;2,03;0,76
01.02.2005;2558;27;79,04;118,97;4212,31;46,16666667;3,42;0,24;14099,1;26709;41,7;102,59;128,47;97,18;1657,4;2137,4;1,48;0,88;290,44;385,42;9,13;33,96;171,23;106,53;74,13;123916,67;121,1;5352;36526,33;18456,67;30615,33;68505,33;4858,33;17917,67;7197,67;8776,33;7052;58,21;52,25;53,7;57,52;53,72;72,19;-532;205;-3,03;6,95;332,86;-1,86666666;-0,16;0,01;148,7;-2594;3,87;0,12;-26,51;-7,09;-168,8;-227,9;0,13;-0,04;-14,5;-79,52;-0,51;4,54;3,7;6,06;-8,87;-7935,66;-8,83;65,33;-1112;-1408,66;-3999;-2003,34;-343,67;353,67;-876,33;-352,34;-161,33;0,05;4,32;-2,67;2,38;3,82;1,61
01.05.2005;2970;81;91,17;118,11;4294,7;51,69666667;3,58;0,24;14172,7;29401;40,17;113,85;162,59;119,55;2005,2;2317,5;1,44;0,88;338,51;487,78;9,31;31,93;173,2;102,7;79,17;135699,33;128,77;5654,33;41756,33;20200;32063,67;77093;4822,33;20284;8690;9772;6772,33;62,04;58,8;57,25;58,2;59,07;74,31;412;54;12,13;-0,86;82,39;5,53;0,16;0;73,6;2692;-1,53;11,26;34,12;22,37;347,8;180,1;-0,04;0;48,07;102,36;0,18;-2,03;1,97;-3,83;5,04;11782,66;7,67;302,33;5230;1743,33;1448,34;8587,67;-36;2366,33;1492,33;995,67;-279,67;3,83;6,55;3,55;0,68;5,35;2,12
01.08.2005;2923;97;98,51;120,8;4644,47;54,95666667;3,58;0,25;14291,8;30166;42,47;109,02;144,4;116,92;2106,2;2867,7;1,52;0,82;335,48;433,2;10,73;31,25;175,1;99,53;81,03;141446;121,5;5627,33;44263,33;19320,33;34963,67;74769,67;4577;19858;7639,33;9458,33;6884;61,68;56,92;59,77;57,92;57,35;76,55;-47;16;7,34;2,69;349,77;3,26;0;0,01;119,1;765;2,3;-4,83;-18,19;-2,63;101;550,2;0,08;-0,06;-3,03;-54,58;1,42;-0,68;1,9;-3,17;1,86;5746,67;-7,27;-27;2507;-879,67;2900;-2323,33;-245,33;-426;-1050,67;-313,67;111,67;-0,36;-1,88;2,52;-0,28;-1,72;2,24
01.11.2005;3673;-60;113,02;121,92;4934,29;64,28666667;3,62;0,26;14373,4;31839;41,53;108,21;198,2;114,17;1903,6;2046,4;1,49;0,85;338,17;594,61;8,12;30,81;177,17;103,27;69,37;150874,33;122,7;5896,33;48521;21235,33;37476,67;77230,67;5386,33;19094;8957,67;10024,67;6286;61,39;52,68;58,11;59,81;60,62;78,39;750;-157;14,51;1,12;289,82;9,33;0,04;0,01;81,6;1673;-0,94;-0,81;53,8;-2,75;-202,6;-821,3;-0,03;0,03;2,69;161,41;-2,61;-0,44;2,07;3,74;-11,66;9428,33;1,2;269;4257,67;1915;2513;2461;809,33;-764;1318,34;566,34;-598;-0,29;-4,24;-1,66;1,89;3,27;1,84
01.02.2006;2820;-135,27;108,65;125,81;5425,27;61,05666667;3,47;0,28;14546,1;24194;43,6;110,66;165,63;101,83;1716,9;2064,2;1,52;0,86;301,57;496,88;9,04;31,21;178,2;104,6;74,37;141175,33;121,93;5972;46652,33;20455;31917,33;76889,67;5090,33;19863;8110,33;9776,33;6277;63,2;55,54;58,33;60,4;68,95;80,66;-853;-75,27;-4,37;3,89;490,98;-3,23;-0,15;0,02;172,7;-7645;2,07;2,45;-32,57;-12,34;-186,7;17,8;0,03;0,01;-36,6;-97,73;0,92;0,4;1,03;1,33;5;-9699;-0,77;75,67;-1868,67;-780,33;-5559,34;-341;-296;769;-847,34;-248,34;-9;1,81;2,86;0,22;0,59;8,33;2,27
01.05.2006;3457;102,81;116,99;129,84;5925,34;64,68333333;3,63;0,3;14589,6;25338;45,73;128,76;214,11;124,13;1971,4;2255,2;1,66;0,89;386,22;642,32;8,71;31,45;180,37;110,4;83,03;153374,33;122,8;6296,67;50616;22206,67;34515;86756,67;5258,33;23511,33;9479;10837;5748,67;66,32;58,28;61,64;64,62;79,91;83,65;637;238,08;8,34;4,03;500,07;3,62666666;0,16;0,02;43,5;1144;2,13;18,1;48,48;22,3;254,5;191;0,14;0,03;84,65;145,44;-0,33;0,24;2,17;5,8;8,66;12199;0,87;324,67;3963,67;1751,67;2597,67;9867;168;3648,33;1368,67;1060,67;-528,33;3,12;2,74;3,31;4,22;10,96;2,99
01.08.2006;3667;-27,05;128,47;127,55;5686,05;72,08666667;3,69;0,31;14602,6;27494;45,6;117,98;177,42;120,69;2154,2;2316,2;1,63;0,89;361,48;532,26;8,66;35,55;183,5;119,17;90,93;161937,67;121,87;6152;55858,67;20811;38036;85777;5197;23656,33;8642;10788,67;6280,67;67,96;58,05;58,59;68,52;96,63;88,18;210;-129,86;11,48;-2,29;-239,29;7,40333334;0,06;0,01;13;2156;-0,13;-10,78;-36,69;-3,44;182,8;61;-0,03;0;-24,74;-110,06;-0,05;4,1;3,13;8,77;7,9;8563,34;-0,93;-144,67;5242,67;-1395,67;3521;-979,67;-61,33;145;-837;-48,33;532;1,64;-0,23;-3,05;3,9;16,72;4,53
01.11.2006;4256;454,52;118,88;134;6044,27;65,23666667;3,85;0,34;14716,9;27562;45,37;121,11;194,98;132,73;1898,9;2147,1;1,66;0,87;374,48;584,94;8,76;37,98;186,3;117,63;91,07;159928,67;116,2;6445,67;48228,33;21637,33;42063,33;89751,33;6131;23969;9343;11335,67;6840;68,21;59,7;58,91;72,24;99,17;89,73;589;481,57;-9,59;6,45;358,22;-6,85;0,16;0,03;114,3;68;-0,23;3,13;17,56;12,04;-255,3;-169,1;0,03;-0,02;13;52,68;0,1;2,43;2,8;-1,54;0,14;-2009;-5,67;293,67;-7630,34;826,33;4027,33;3974,33;934;312,67;701;547;559,33;0,25;1,65;0,32;3,72;2,54;1,55
01.02.2007;3148;25;108,81;141,97;6565,07;58,45666667;3,65;0,36;14726;23817;41,97;97,6;133,52;114,85;1684,4;2024;1,58;0,79;299,12;400,56;8,79;43,79;187;126,47;136,13;146526;111,13;6469,67;44366;20529;35945,67;85588;6193,33;22776,33;8499,33;11023;6702,33;72,37;63,03;64,78;81,17;99,89;93,43;-1108;-429,52;-10,07;7,97;520,8;-6,78;-0,2;0,02;9,1;-3745;-3,4;-23,51;-61,46;-17,88;-214,5;-123,1;-0,08;-0,08;-75,36;-184,38;0,03;5,81;0,7;8,84;45,06;-13402,67;-5,07;24;-3862,33;-1108,33;-6117,66;-4163,33;62,33;-1192,67;-843,67;-312,67;-137,67;4,16;3,33;5,87;8,93;0,72;3,7
01.05.2007;2990;-19;114,8;143,74;7013,78;61,26333333;3,65;0,39;14838,7;30022;32,9;81,02;173,59;122,84;1902,4;2218;1,29;0,86;267,03;520,76;8,58;50,42;187,27;132,5;149,2;160423;110,9;6852,33;52003;22021,33;37718;95687,33;6135,67;26302,33;10816,33;12387,67;7057,67;75,23;64,97;74,99;82,35;105,89;94,47;-158;-44;5,99;1,77;448,71;2,80666666;0;0,03;112,7;6205;-9,07;-16,58;40,07;7,99;218;194;-0,29;0,07;-32,09;120,2;-0,21;6,63;0,27;6,03;13,07;13897;-0,23;382,66;7637;1492,33;1772,33;10099,33;-57,66;3526;2317;1364,67;355,34;2,86;1,94;10,21;1,18;6;1,04
01.08.2007;2956;5;127,8;149,82;7824,83;68,36;3,77;0,42;14938,5;35493;28,83;70,5;165,41;118,7;2110;2203,2;1,06;0,89;218,66;496,24;8,44;56,92;189;148,8;143,2;167331;114;6758;55675,67;21123;40112,33;96134,33;6470,67;27323;9755,33;12057,67;8498,33;79,35;69,2;82,07;83,39;112,49;95,42;-34;24;13;6,08;811,05;7,09666667;0,12;0,03;99,8;5471;-4,07;-10,52;-8,18;-4,14;207,6;-14,8;-0,23;0,03;-48,37;-24,52;-0,14;6,5;1,73;16,3;-6;6908;3,1;-94,33;3672,67;-898,33;2394,33;447;335;1020,67;-1061;-330;1440,66;4,12;4,23;7,08;1,04;6,6;0,95
01.11.2007;3201;-84;140,33;151,61;7839,63;79,39666667;3,87;0,45;14991,8;39204;27,2;70,88;174,5;104,1;1850,6;2157,6;1,01;0,9;213,55;523,49;8,47;56,47;190,6;205,3;125;173493;116,1;7003;55506;22653,67;44082,33;101259,33;8512,33;27445;11110,33;12759;9025,33;84,66;70,38;89,96;93,89;109,36;96,63;245;-89;12,53;1,79;14,8;11,03666667;0,1;0,03;53,3;3711;-1,63;0,38;9,09;-14,6;-259,4;-45,6;-0,05;0,01;-5,11;27,25;0,03;-0,45;1,6;56,5;-18,2;6162;2,1;245;-169,67;1530,67;3970;5125;2041,66;122;1355;701,33;527;5,31;1,18;7,89;10,5;-3,13;1,21
01.02.2008;2954;42;166,65;144,08;7596,53;93,03333333;3,49;0,5;14889,5;32497;26,67;66,55;157,62;75,19;1688,5;1910,3;0,95;0,89;191,56;472,85;8;50,67;190,97;257,1;168,1;165338;114,07;7075;59105,33;20392;37205,67;101149;9005,67;29253;9489,33;12715;8812;93,33;75,25;114,3;107,65;109;95,98;-247;126;26,32;-7,53;-243,1;13,63666666;-0,38;0,05;-102,3;-6707;-0,53;-4,33;-16,88;-28,91;-162,1;-247,3;-0,06;-0,01;-21,99;-50,64;-0,47;-5,8;0,37;51,8;43,1;-8155;-2,03;72;3599,33;-2261,67;-6876,66;-110,33;493,34;1808;-1621;-44;-213,33;8,67;4,87;24,34;13,76;-0,36;-0,65
01.05.2008;3949;213;189,14;134,68;6743,97;104,49;3,61;0,56;14963,4;39475;27,43;86,11;169,78;78,63;1891,7;1875;0,98;0,91;250,1;509,34;6,95;45,23;192,8;318,83;213,37;178755;111,2;7499,67;66954,33;21296,33;38355,67;111138,67;9226,33;33843,67;10821,33;13542,33;9637;109,52;87;172,56;143,32;123,12;106,37;995;171;22,49;-9,4;-852,56;11,45666667;0,12;0,06;73,9;6978;0,76;19,56;12,16;3,44;203,2;-35,3;0,03;0,02;58,54;36,49;-1,05;-5,44;1,83;61,73;45,27;13417;-2,87;424,67;7849;904,33;1150;9989,67;220,66;4590,67;1332;827,33;825;16,19;11,75;58,26;35,67;14,12;10,39
01.08.2008;3954;280;239,68;131,72;6664,89;130,8933333;3,55;0,6;14891,6;43192;24,8;66,01;141,94;87,12;2073;1637,4;0,94;0,91;213,42;425,83;6,32;45,76;197,6;233,63;241,6;194202;117,57;7440;79949,33;19314,67;42214,33;115909;9101;37837;10480,33;14070;10968,67;114,94;90,43;239,68;151,03;119,4;107,7;5;67;50,54;-2,96;-79,08;26,4033333;-0,06;0,04;-71,8;3717;-2,63;-20,1;-27,84;8,49;181,3;-237,6;-0,04;0;-36,68;-83,51;-0,63;0,53;4,8;-85,2;28,23;15447;6,37;-59,67;12995;-1981,66;3858,66;4770,33;-125,33;3993,33;-341;527,67;1331,67;5,42;3,43;67,12;7,71;-3,72;1,33
01.11.2008;3867;-344;185,39;113,87;5747,1;99,06333333;3,56;0,65;14577;50191;22,57;68,1;118,68;93,7;1532,9;1510,8;0,83;0,84;216,15;356,03;5,47;36,83;201;192,1;186,47;171195,33;120,1;7493,33;59185,67;17818,33;43176,67;104798,67;9078;30195;10380,33;13544;11842;98,22;84,08;250,73;125,35;93,41;103,33;-87;-624;-54,29;-17,85;-917,79;-31,82999997;0,01;0,05;-314,6;6999;-2,23;2,09;-23,26;6,58;-540,1;-126,6;-0,11;-0,07;2,73;-69,8;-0,85;-8,93;3,4;-41,53;-55,13;-23006,67;2,53;53,33;-20763,66;-1496,34;962,34;-11110,33;-23;-7642;-100;-526;873,33;-16,72;-6,35;11,05;-25,68;-25,99;-4,37
01.02.2009;2895;227;100,07;87,72;4606;46,82333333;3,2;0,65;14375;27732;18,03;57,93;73,63;66,23;1088,6;1201,2;0,72;0,49;162,03;220,89;4,85;27,62;199,1;153,4;136,9;123063,33;113,23;6880;36311;11559;32983,33;82328,67;7397;21423;5866,33;11652,67;8052,67;81,97;73,19;153,23;99,18;53,68;103,39;-972;571;-85,32;-26,15;-1141,1;-52,24;-0,36;0;-202;-22459;-4,54;-10,17;-45,05;-27,47;-444,3;-309,6;-0,11;-0,35;-54,12;-135,14;-0,62;-9,21;-1,9;-38,7;-49,57;-48132;-6,87;-613,33;-22874,67;-6259,33;-10193,34;-22470;-1681;-8772;-4514;-1891,33;-3789,33;-16,25;-10,89;-97,5;-26,17;-39,73;0,06
01.05.2009;2808;21;93,46;80,29;4232,65;45,64666667;3,13;0,65;14355,6;25912;15,6;48,38;68,95;51,2;1207;1152,7;0,58;0,43;172,09;206,86;4,78;28,76;196,7;156,37;148;118865,33;109,9;6861;34107;10678,67;33195;84107;7261,67;22855,67;6118,67;12323;7800,67;84,46;77,71;124,73;100,53;53,19;98,31;-87;-206;-6,61;-7,43;-373,35;-1,17666666;-0,07;0;-19,4;-1820;-2,43;-9,55;-4,68;-15,03;118,4;-48,5;-0,14;-0,06;10,06;-14,03;-0,07;1,14;-2,4;2,97;11,1;-4198;-3,33;-19;-2204;-880,33;211,67;1778,33;-135,33;1432,67;252,34;670,33;-252;2,49;4,52;-28,5;1,35;-0,49;-5,08
01.08.2009;2506;2;119,18;94,43;5027,2;64,28;3,24;0,71;14402,5;28257;16;52,08;34,96;55,4;1478,6;1298,5;0,57;0,49;145,56;104,88;5,43;32,31;196,97;162,1;160,2;131380,33;110,67;6771,33;40172;12559,33;35932;86593,33;7232;25525,33;6360,33;12224,67;8619,33;90,68;84,41;103,67;103,23;64,89;97,05;-302;-19;25,72;14,14;794,55;18,63333333;0,11;0,06;46,9;2345;0,4;3,7;-33,99;4,2;271,6;145,8;-0,01;0,06;-26,53;-101,98;0,65;3,55;0,27;5,73;12,2;12515;0,77;-89,67;6065;1880,66;2737;2486,33;-29,67;2669,66;241,66;-98,33;818,66;6,22;6,7;-21,06;2,7;11,7;-1,26
01.11.2009;3265;109;130;103,87;5516,05;72,09;3,3;0,75;14541,9;33608;17,2;66,59;53,04;66,4;1530,6;1309,3;0,58;0,59;187,62;159,11;4,86;37,1;198,3;133,37;136,43;143785;114,83;6755,67;41971,33;16779,67;40172,33;95356,67;8792;27126;8495,33;13379,67;9929,67;90,84;92,41;86,17;91,44;80,03;94,3;759;107;10,82;9,44;488,85;7,81;0,06;0,04;139,4;5351;1,2;14,51;18,08;11;52;10,8;0,01;0,1;42,06;54,23;-0,57;4,79;1,33;-28,73;-23,77;12404,67;4,16;-15,66;1799,33;4220,34;4240,33;8763,34;1560;1600,67;2135;1155;1310,34;0,16;8;-17,5;-11,79;15,14;-2,75
01.02.2010;2809;38;140,8;109,59;5730,72;76,94333333;3,12;0,81;14604,8;37412;18,27;69,4;63,83;57,13;1228,7;1238,6;0,68;0,66;208,56;191,48;5,17;36,46;199;139,8;143,73;138910;116,57;6996,33;44904;16092,33;34094,33;95277;9013,33;27783,67;8198,33;12640,67;11181,67;95,12;96,15;88,34;98,74;90,52;94,81;-456;-71;10,8;5,72;214,67;4,85333333;-0,18;0,06;62,9;3804;1,07;2,81;10,79;-9,27;-301,9;-70,7;0,1;0,07;20,94;32,37;0,31;-0,64;0,7;6,43;7,3;-4875;1,74;240,66;2932,67;-687,34;-6078;-79,67;221,33;657,67;-297;-739;1252;4,28;3,74;2,17;7,3;10,49;0,51
01.05.2010;2743;33;146,94;115,52;5962,57;80,68333333;3,35;0,85;14745,9;45534;17,43;76,06;83,28;65,19;1420,2;1402,2;0,63;0,73;217,07;249,84;5,93;41,74;201,63;136,17;137,3;155682,33;127,37;7733,33;51795;18585,67;36785;106150;8042,33;32914,67;9765,33;13721;11647,67;92,76;92,81;93,28;91,11;99,56;93,03;-66;-5;6,14;5,93;231,85;3,74;0,23;0,04;141,1;8122;-0,84;6,66;19,45;8,06;191,5;163,6;-0,05;0,07;8,51;58,36;0,76;5,28;2,63;-3,63;-6,43;16772,33;10,8;737;6891;2493,34;2690,67;10873;-971;5131;1567;1080,33;466;-2,36;-3,34;4,94;-7,63;9,04;-1,78
01.08.2010;3221;168;140,5;107,62;6025,94;75,08333333;3,47;0,85;14845,5;49186;18,23;74;103,61;75,26;1563,7;1565,4;0,65;0,76;217,77;310,84;5,91;42,23;202,53;134,73;141,77;167746;132,3;7699,67;52743;19280,33;43486,33;106025;7551;33197,67;8987,33;13649;13602;93,5;99;90,29;86,21;91,44;98,93;478;135;-6,44;-7,9;63,37;-5,6;0,12;0;99,6;3652;0,8;-2,06;20,33;10,07;143,5;163,2;0,02;0,03;0,7;61;-0,02;0,49;0,9;-1,44;4,47;12063,67;4,93;-33,66;948;694,66;6701,33;-125;-491,33;283;-778;-72;1954,33;0,74;6,19;-2,99;-4,9;-8,12;5,9
01.11.2010;3094;51;144,88;112,64;6251,87;77,92;3,61;0,88;14939;50867;18,57;83,27;124,57;79,31;1390,4;1506,6;0,65;0,72;258,38;373,71;6,26;46,8;202,93;178,93;173,63;168809,67;123,53;7786,67;49087,33;20362,67;45514,33;112687,33;10716,33;33870,67;10094,33;14565,67;13314;104,2;103,13;106,1;107,95;102,17;105,48;-127;-117;4,38;5,02;225,93;2,83666667;0,14;0,03;93,5;1681;0,34;9,27;20,96;4,05;-173,3;-58,8;0;-0,04;40,61;62,87;0,35;4,57;0,4;44,2;31,86;1063,67;-8,77;87;-3655,67;1082,34;2028;6662,33;3165,33;673;1107;916,67;-288;10,7;4,13;15,81;21,74;10,73;6,55
01.02.2011;2693;6;165,85;124,31;6893,39;87,64;3,35;0,92;14881,3;46717;20,83;82,53;101,74;71,5;1285,6;1542,2;0,71;0,73;226,19;305,21;6,59;55,9;205,57;203,17;220,67;163295,67;127,47;8251;53914,67;19341,33;38706;112390,33;10799,33;36724,33;9377;13386;14751,33;118,93;111,58;121,31;125,92;114,92;107,6;-401;-45;20,97;11,67;641,52;9,72;-0,26;0,04;-57,7;-4150;2,26;-0,74;-22,83;-7,81;-104,8;35,6;0,06;0,01;-32,19;-68,5;0,33;9,1;2,64;24,24;47,04;-5514;3,94;464,33;4827,34;-1021,34;-6808,33;-297;83;2853,66;-717,33;-1179,67;1437,33;14,73;8,45;15,21;17,97;12,75;2,12
01.05.2011;3261;251;197,62;134,06;7276,03;100,7766667;3,41;0,9;14989,6;50902;23,83;98,66;117,3;87,34;1727,5;1662,2;0,83;0,78;292,51;351,91;6,35;51,87;210,87;230,1;266,43;184408;132,57;9134,33;66118,33;20657,67;40933,33;126671,33;10685;43250,33;11698;14775;13565,33;127,74;124,73;124,33;139,44;123,83;112,47;568;245;31,77;9,75;382,64;13,1366667;0,06;-0,02;108,3;4185;3;16,13;15,56;15,84;441,9;120;0,12;0,05;66,32;46,7;-0,24;-4,03;5,3;26,93;45,76;21112,33;5,1;883,33;12203,66;1316,34;2227,33;14281;-114,33;6526;2321;1389;-1186;8,81;13,15;3,02;13,52;8,91;4,87
01.08.2011;3537;-54;199,17;132,07;7276,23;98,23;3,59;0,9;15021,1;59951;25,93;90,15;92,86;90,74;1545,9;1616,4;0,91;0,79;272,99;278,59;6,37;47,97;213,47;228;286,57;191716,67;131;8925,67;67367,67;20747,67;44694,67;123998,33;9594,33;42589,67;10820;14848;15142;123,22;120,14;148,39;140,95;118,82;121,44;276;-305;1,55;-1,99;0,2;-2,5466667;0,18;0;31,5;9049;2,1;-8,51;-24,44;3,4;-181,6;-45,8;0,08;0,01;-19,52;-73,32;0,02;-3,9;2,6;-2,1;20,14;7308,67;-1,57;-208,66;1249,34;90;3761,34;-2673;-1090,67;-660,66;-878;73;1576,67;-4,52;-4,59;24,06;1,51;-5,01;8,97
01.11.2011;4150;117;189,77;120,29;5809,4;86,11666667;3,77;0,9;15190,3;60961;28,1;101,6;97,02;93,08;1442,7;1692;1;0,79;302,77;291,07;7,05;38,23;213,9;205,1;274,13;190565;131,07;9157,33;61604,67;23113;46774;127961;11073,33;42653,67;11855,33;15411,67;15081,67;120,12;113,11;158,39;140,74;107,41;123,63;613;171;-9,4;-11,78;-1466,83;-12,11333333;0,18;0;169,2;1010;2,17;11,45;4,16;2,34;-103,2;75,6;0,09;0;29,78;12,48;0,68;-9,74;0,43;-22,9;-12,44;-1151,67;0,07;231,66;-5763;2365,33;2079,33;3962,67;1479;64;1035,33;563,67;-60,33;-3,1;-7,03;10;-0,21;-11,41;2,19
01.02.2012;2965;-221;197,4;127,27;6148,7;98,61;3,42;0,95;15291;41541;28,73;96,92;84,14;85,05;1457,1;1693,7;1,02;0,8;278,8;252,43;7,03;40,75;214,83;194;251,13;179960,33;130,07;9255;60303,33;22853;39295;122780,67;10592,33;40959,67;11136,33;14051,33;14019;110,75;100,02;142,57;130,91;97,14;112,58;-1185;-338;7,63;6,98;339,3;12,49333333;-0,35;0,05;100,7;-19420;0,63;-4,68;-12,88;-8,03;14,4;1,7;0,02;0,01;-23,97;-38,64;-0,02;2,52;0,93;-11,1;-23;-10604,67;-1;97,67;-1301,34;-260;-7479;-5180,33;-481;-1694;-719;-1360,34;-1062,67;-9,37;-13,09;-15,82;-9,83;-10,27;-11,05
01.05.2012;3298;-295;212,08;139,23;6854,7;103,8966667;3,43;0,9;15362,4;38865;29,97;111,88;101,08;102,62;1966,6;1760;1,08;0,84;336,59;303,24;7,04;45,26;219,43;193,3;261,23;195075,33;134,8;9454;65675,67;25276;41382;132954,33;10415,67;44340,33;13073,33;15298,67;11683;114,27;93,5;141,69;131,14;102,83;110,41;333;-74;14,68;11,96;706;5,2866667;0,01;-0,05;71,4;-2676;1,24;14,96;16,94;17,57;509,5;66,3;0,06;0,04;57,79;50,81;0,01;4,51;4,6;-0,7;10,1;15115;4,73;199;5372,34;2423;2087;10173,66;-176,66;3380,66;1937;1247,34;-2336;3,52;-6,52;-0,88;0,23;5,69;-2,17
01.08.2012;3319;-100;182,63;135,09;6484,31;88,25333333;3,54;0,86;15380,8;32967;29,33;94,91;97,47;104,14;1886,6;1874;1,06;0,81;301,85;292,42;7,14;38,92;220,27;197,93;265,23;193189,33;140,6;9019,33;61575;25232,33;44167,33;127523,33;9994;41074,33;11997,33;15410,33;10739,33;114,16;91,8;141,72;139,27;93,15;108,75;21;195;-29,45;-4,14;-370,39;-15,64333337;0,11;-0,04;18,4;-5898;-0,64;-16,97;-3,61;1,52;-80;114;-0,02;-0,03;-34,74;-10,82;0,1;-6,34;0,84;4,63;4;-1886;5,8;-434,67;-4100,67;-43,67;2785,33;-5431;-421,67;-3266;-1076;111,66;-943,67;-0,11;-1,7;0,03;8,13;-9,68;-1,66
01.11.2012;3113;-495;194,1;142,16;7149,19;92,74666667;3,59;0,82;15384,3;37060;27,3;95,32;105,05;104,34;1749,8;1795,1;1;0,77;283,68;315,16;7,4;41,1;218;230,53;306,7;193001;145;9038,33;58747;25562,67;47334,67;130727,33;12966,67;40335,33;12438,33;15846;10794;117,42;93,71;135,58;152,11;91,75;107,86;-206;-395;11,47;7,07;664,88;4,49333334;0,05;-0,04;3,5;4093;-2,03;0,41;7,58;0,2;-136,8;-78,9;-0,06;-0,04;-18,17;22,74;0,26;2,18;-2,27;32,6;41,47;-188,33;4,4;19;-2828;330,34;3167,34;3204;2972,67;-739;441;435,67;54,67;3,26;1,91;-6,14;12,84;-1,4;-0,89
01.02.2013;2637;-84;190,2;144,75;7597,98;89,84333333;3,27;0,82;15491,9;33598;28,57;90,03;93,13;92,15;1704,7;1823,2;1,01;0,77;265,99;279,4;7,68;45,4;217,43;230,83;294,77;177533;150,07;9266,33;55372;23136;41030;125743,33;11813;41337;11292,33;14366,33;12426,33;112,32;87,35;129,91;147,97;96,71;107,8;-476;411;-3,9;2,59;448,79;-2,90333334;-0,32;0;107,6;-3462;1,27;-5,29;-11,92;-12,19;-45,1;28,1;0,01;0;-17,69;-35,76;0,28;4,3;-0,57;0,3;-11,93;-15468;5,07;228;-3375;-2426,67;-6304,67;-4984;-1153,67;1001,67;-1146;-1479,67;1632,33;-5,1;-6,36;-5,67;-4,14;4,96;-0,06
01.05.2013;2526;-322;191,25;155,99;7816,91;93,47666667;3,4;0,83;15521,6;48231;28,17;103,16;102,95;108,87;1983;1946,8;1,01;0,79;304,72;308,86;7,98;49,26;217,5;210,3;282,8;189697;159,1;10008,67;58986,33;25947,67;41965,33;133024;10000;43219,67;13628,67;16059,33;12125,33;108,28;84,01;126,85;140,66;95,54;101,34;-111;-238;1,05;11,24;218,93;3,63333334;0,13;0,01;29,7;14633;-0,4;13,13;9,82;16,72;278,3;123,6;0;0,02;38,73;29,46;0,3;3,86;0,07;-20,53;-11,97;12164;9,03;742,34;3614,33;2811,67;935,33;7280,67;-1813;1882,67;2336,34;1693;-301;-4,04;-3,34;-3,06;-7,31;-1,17;-6,46
01.08.2013;2861;-211;187,21;164,19;8194,68;98,35333333;3,54;0,88;15641,3;49137;29,4;100,02;89,01;105,81;2035,5;2108;1,07;0,8;307,47;267,04;8,05;54,51;218,53;206,5;279,27;191764,33;151,7;9452,33;58187,67;25811,33;44894;131471,67;9628;42885,33;12354,67;16121,33;13676;107,13;82,31;116,88;137;86,47;100,52;335;111;-4,04;8,2;377,77;4,87666666;0,14;0,05;119,7;906;1,23;-3,14;-13,94;-3,06;52,5;161,2;0,06;0,01;2,75;-41,82;0,07;5,25;1,03;-3,8;-3,53;2067,33;-7,4;-556,34;-798,66;-136,34;2928,67;-1552,33;-372;-334,34;-1274;62;1550,67;-1,15;-1,7;-9,97;-3,66;-9,07;-0,82
01.11.2013;2751;-357;195,94;169,15;8577,16;104,4533333;3,63;0,87;15793,9;54708;30,3;98,07;103,11;102,39;1847,1;1977,5;1,06;0,8;299,73;309,33;7,94;54,96;218,8;195,2;199,93;195216,33;146,07;9523,33;55195,67;27507,67;48780;135546,33;13505,67;42003;13529,33;16335,67;13292,67;103,81;82,73;102,94;114,79;88,95;103,26;-110;-146;8,73;4,96;382,48;6,09999997;0,09;-0,01;152,6;5571;0,9;-1,95;14,1;-3,42;-188,4;-130,5;-0,01;0;-7,74;42,29;-0,11;0,45;0,27;-11,3;-79,34;3452;-5,63;71;-2992;1696,34;3886;4074,66;3877,67;-882,33;1174,66;214,34;-383,33;-3,32;0,42;-13,94;-22,21;2,48;2,74
01.02.2014;2208;-252;190,73;181,29;9421,31;95,57;3,41;0,93;15747;36080;31,17;86,77;85,15;85,78;1677,4;1930,4;1,11;0,78;248,25;255,44;8,17;57,49;218,67;192,97;171,4;179748,67;148,27;9527;53776,33;24362;41421,67;127370;12852,33;41222;11305;14935,33;12216;103;84,03;99,07;107,4;88,2;104,77;-543;105;-5,21;12,14;844,15;-8,8833333;-0,22;0,06;-46,9;-18628;0,87;-11,3;-17,96;-16,61;-169,7;-47,1;0,05;-0,02;-51,48;-53,89;0,23;2,53;-0,13;-2,23;-28,53;-15467,66;2,2;3,67;-1419,34;-3145,67;-7358,33;-8176,33;-653,34;-781;-2224,33;-1400,34;-1076,67;-0,81;1,3;-3,87;-7,39;-0,75;1,51
01.05.2014;2746;-264;191,97;187,2;9617,07;101,15;3,54;0,91;15900,8;41332;32,97;101,04;110,92;110,14;1960,5;2138,1;1,17;0,78;304,86;332,76;8,82;65,75;219,1;202,7;186,97;198905;148,47;10981;58952;27973,67;44444,33;138110,33;11732,67;43304,67;14066;16802;10164,33;107,1;101,31;99,99;112,64;84,87;106,4;538;-12;1,24;5,91;195,76;5,58;0,13;-0,02;153,8;5252;1,8;14,27;25,77;24,36;283,1;207,7;0,06;0;56,61;77,32;0,65;8,26;0,43;9,73;15,57;19156,33;0,2;1454;5175,67;3611,67;3022,66;10740,33;-1119,66;2082,67;2761;1866,67;-2051,67;4,1;17,28;0,92;5,24;-3,33;1,63
01.08.2014;2844;21;193,79;193,83;9727,94;103,41;3,77;0,94;16094,5;33207;34,63;95,74;102,52;120,13;2131,2;2334,7;1,21;0,8;293,2;307,56;8,86;62,82;220,33;197,63;175,2;200265,67;146,77;10567;57451;27798,67;46378;136377;10301;43546;13646,33;16916,67;11949,33;105,17;104,16;97,17;106,89;85,8;108,02;98;285;1,82;6,63;110,87;2,26;0,23;0,03;193,7;-8125;1,66;-5,3;-8,4;9,99;170,7;196,6;0,04;0,02;-11,66;-25,2;0,04;-2,93;1,23;-5,07;-11,77;1360,67;-1,7;-414;-1501;-175;1933,67;-1733,33;-1431,67;241,33;-419,67;114,67;1785;-1,93;2,85;-2,82;-5,75;0,93;1,62
01.11.2014;3008;-61;172,8;199,8;9423,78;91,37666667;3,8;0,93;16186,7;36168;35,23;98,8;106,8;125,38;1898,8;2182,1;1,28;0,8;296,59;320,41;8,81;61,67;221,1;177,57;136,67;202017,67;147,23;10505,33;52442,33;28572,67;51792;137939,33;13112;41678,67;13921,33;17140,33;11409;99,5;106,18;102,68;95;85,24;104,2;164;-82;-20,99;5,97;-304,16;-12,03333333;0,03;-0,01;92,2;2961;0,6;3,06;4,28;5,25;-232,4;-152,6;0,07;0;3,39;12,85;-0,05;-1,15;0,77;-20,06;-38,53;1752;0,46;-61,67;-5008,67;774;5414;1562,33;2811;-1867,33;275;223,66;-540,33;-5,67;2,02;5,51;-11,89;-0,56;-3,82
01.02.2015;2421;-26;120,44;204,06;10160,24;60,8;3,48;0,97;16269;23773;36,13;92,42;91,5;111,23;1752,3;2185,3;1,28;0,79;263,53;274,49;9,17;65,05;221,93;178,57;146,8;180068;145,37;10400,33;45374;25986,67;44013;124265,33;11828,67;36343,67;11536;16037,33;11180,33;96,59;99,03;102,12;98,16;78,5;97,77;-587;35;-52,36;4,26;736,46;-30,57666667;-0,32;0,04;82,3;-12395;0,9;-6,38;-15,3;-14,15;-146,5;3,2;0;-0,01;-33,06;-45,92;0,36;3,38;0,83;1;10,13;-21949,67;-1,86;-105;-7068,33;-2586;-7779;-13674;-1283,33;-5335;-2385,33;-1103;-228,67;-2,91;-7,15;-0,56;3,16;-6,74;-6,43
01.05.2015;2693;-39;107,05;208,52;11607,4;50,9;3,65;0,95;16374,2;21886;36,9;115,86;108,31;135,56;1919,7;2318,9;1,32;0,72;340;324,92;9,63;64,18;223,37;163,1;151,83;191572;141,7;11203,33;42913,67;29831;48016,67;130081;10584,33;38133;13380,67;16339,33;5826,67;91,52;91,54;96,11;93,97;72,09;95,28;272;-13;-13,39;4,46;1447,16;-9,9;0,17;-0,02;105,2;-1887;0,77;23,44;16,81;24,33;167,4;133,6;0,04;-0,07;76,47;50,43;0,46;-0,87;1,44;-15,47;5,03;11504;-3,67;803;-2460,33;3844,33;4003,67;5815,67;-1244,34;1789,33;1844,67;302;-5353,66;-5,07;-7,49;-6,01;-4,19;-6,41;-2,49
01.08.2015;2538;-11;110,99;209,16;11222,59;56,74;3,71;0,97;16454,9;18052;39,2;105,8;101,8;133,13;2053,9;2558,7;1,4;0,74;320,61;305,39;9,88;64,07;225,23;160,43;151,9;193624,33;138,63;10738,67;42949;30036;51121,33;125925,33;9432,33;36734,33;12809;16591;6250,67;90,36;95,33;96,25;89,4;70,22;96,99;-155;28;3,94;0,64;-384,81;5,84;0,06;0,02;80,7;-3834;2,3;-10,06;-6,51;-2,43;134,2;239,8;0,08;0,02;-19,39;-19,53;0,25;-0,11;1,86;-2,67;0,07;2052,33;-3,07;-464,66;35,33;205;3104,66;-4155,67;-1152;-1398,67;-571,67;251,67;424;-1,16;3,79;0,14;-4,57;-1,87;1,71
01.11.2015;2488;-27;89,36;199,08;10256,68;44,84666667;3,77;0,96;16490,7;17901;37,67;110,81;110,89;135,46;1866,2;2578;1,35;0,73;344,93;332,68;10,45;54,6;225,73;141,43;148,37;189577;134,97;10297,33;36106,33;29929,67;55064;125170,67;11512,67;33188,33;13337,33;16859,67;5855;86,72;92,85;93,8;83,54;62,75;96,75;-50;-16;-21,63;-10,08;-965,91;-11,89333333;0,06;-0,01;35,8;-151;-1,53;5,01;9,09;2,33;-187,7;19,3;-0,05;-0,01;24,32;27,29;0,57;-9,47;0,5;-19;-3,53;-4047,33;-3,66;-441,34;-6842,67;-106,33;3942,67;-754,66;2080,34;-3546;528,33;268,67;-395,67;-3,64;-2,48;-2,45;-5,86;-7,47;-0,24
01.02.2016;1730;-29;72,11;202,09;10641,12;37,19666667;3,3;0,99;16525;12090;36,93;99,02;93,34;115,33;1634,8;2476,2;1,36;0,67;285,38;280,03;10,38;49,48;226,07;136,47;143,23;171260;135,5;10671,67;33247;28094,33;46016,67;114017,67;10215,67;30704,33;11255;15688,67;4885,67;84,85;90,75;89,92;84,06;56,49;94;-758;-2;-17,25;3,01;384,44;-7,65;-0,47;0,03;34,3;-5811;-0,74;-11,79;-17,55;-20,13;-231,4;-101,8;0,01;-0,06;-59,55;-52,65;-0,07;-5,12;0,34;-4,96;-5,14;-18317;0,53;374,34;-2859,33;-1835,34;-9047,33;-11153;-1297;-2484;-2082,33;-1171;-969,33;-1,87;-2,1;-3,88;0,52;-6,26;-2,75
01.05.2016;2164;29;69,96;201,8;9833,29;36,36;3,47;0,97;16583,1;16175;35,43;106,68;111,07;124,27;1829,5;2575,1;1,32;0,72;329,04;333,22;10,2;55,03;225,87;130,43;142,43;178869,33;136,4;11184;35537;29593,33;45401;121350,33;9505,33;32933;13318,67;15921;4278,33;86,14;87,48;78,6;84,81;60,29;92,53;434;58;-2,15;-0,29;-807,83;-0,83666667;0,17;-0,02;58,1;4085;-1,5;7,66;17,73;8,94;194,7;98,9;-0,04;0,05;43,66;53,19;-0,18;5,55;-0,2;-6,04;-0,8;7609,33;0,9;512,33;2290;1499;-615,67;7332,66;-710,34;2228,67;2063,67;232,33;-607,34;1,29;-3,27;-11,32;0,75;3,8;-1,47
01.08.2016;2052;-14;85,41;212,15;10093,44;46,83;3,58;1;16727;15993;31,53;78,53;98,24;119,74;1820,5;2728;1,17;0,75;262,82;294,71;10,48;55,53;224,77;127,07;149,7;188299,33;140,43;10637;40063;28775,67;50199,33;121453;10399,67;33707,33;12540;16346;4310;92,29;93,25;74,16;87,06;61,23;92,19;-112;-43;15,45;10,35;260,15;10,47;0,11;0,03;143,9;-182;-3,9;-28,15;-12,83;-4,53;-9;152,9;-0,15;0,03;-66,22;-38,51;0,28;0,5;-1,1;-3,36;7,27;9430;4,03;-547;4526;-817,66;4798,33;102,67;894,34;774,33;-778,67;425;31,67;6,15;5,77;-4,44;2,25;0,94;-0,34
01.11.2016;2165;-18;88,23;215,41;10589,57;46,60333333;3,71;1;16804,8;14692;31,03;82,22;114,48;119,61;1641,8;2661,2;1,1;0,7;244,03;343,44;10,89;57,85;225,27;110,7;124,1;189796,33;141,17;10775;37856,67;30118;53031,67;125807;13000,33;34087,33;12919,33;16679,67;3986;90,3;94,52;71,07;77,24;63,59;87,53;113;-4;2,82;3,26;496,13;-0,22666667;0,13;0;77,8;-1301;-0,5;3,69;16,24;-0,13;-178,7;-66,8;-0,07;-0,05;-18,79;48,73;0,41;2,32;0,5;-16,37;-25,6;1497;0,74;138;-2206,33;1342,33;2832,34;4354;2600,66;380;379,33;333,67;-324;-1,99;1,27;-3,09;-9,82;2,36;-4,66
